,Date,M/N/E/D,Start time,End Time,Plot,General_Air_Temp,Genral_Humidity,General_Wind,Weather notes,Bait_Station,SampleID,Surface_Temp,Ground_Temp,Wind_spd,Humidity,Notes,FieldID_1,FieldID_2,FieldID_3,FieldID_4,Abundance_1,Abundance_2,Abundance_3,Abundance_4,S_1,S_2,S_3,S_4,
,17/03,M ,08:30,09:30,DRIE4,24.1,49.2,0.9,Clear,A1.1,17/03_DRIE4_M _A1.1,29.4,26.6,0.4,45.5,,Lepisiota,,,,10,,,,Lepisiota cf. capensis,,,,
,17/03,M ,08:30,09:30,DRIE4,24.1,49.2,0.9,Clear,A1.2,17/03_DRIE4_M _A1.2,29.4,26.6,0.4,45.5,,Lepisiota,,,,10,,,,Lepisiota cf. capensis,,,,
,17/03,M ,08:30,09:30,DRIE4,24.1,49.2,0.9,Clear,A2.1,17/03_DRIE4_M _A2.1,33.9,28.1,0.4,42.5,,Lepisiota,Tetramorium,,,2,3,,,Lepisiota cf. capensis,Tetramorium sericeiventre,,,
,17/03,M ,08:30,09:30,DRIE4,24.1,49.2,0.9,Clear,A2.2,17/03_DRIE4_M _A2.2,33.9,28.1,0.4,42.5,,Camponotus,Tetramorium,,,1,6,,,Camponotus angusticeps,Tetramorium sericeiventre,,,
,17/03,M ,08:30,09:30,DRIE4,24.1,49.2,0.9,Clear,A3.1,17/03_DRIE4_M _A3.1,35.3,28.1,0.4,41.8,,Pheidole,,,,10,,,,Pheidole sp.4,,,,
,17/03,M ,08:30,09:30,DRIE4,24.1,49.2,0.9,Clear,A3.2,17/03_DRIE4_M _A3.2,35.3,28.1,0.4,41.8,,,,,,0,,,,,,,,
,17/03,M ,08:30,09:30,DRIE4,24.1,49.2,0.9,Clear,A4.1,17/03_DRIE4_M _A4.1,29.4,26.7,0.0,49.0,,Pheidole,,,,1,,,,Pheidole sp.4,,,,
,17/03,M ,08:30,09:30,DRIE4,24.1,49.2,0.9,Clear,A4.2,17/03_DRIE4_M _A4.2,29.4,26.7,0.0,49.0,,Pheidole,,,,20,,,,Pheidole sp.4,,,,
,17/03,M ,08:30,09:30,DRIE4,24.1,49.2,0.9,Clear,A5.1,17/03_DRIE4_M _A5.1,35.3,26.6,0.4,50.7,Tetra. killed by Anop. ,Anoplolepis,Tetramorium,,,10,1,,,Anoplolepis,Tetramorium sericeiventre,,,
,17/03,M ,08:30,09:30,DRIE4,24.1,49.2,0.9,Clear,A5.2,17/03_DRIE4_M _A5.2,35.3,26.6,0.4,50.7,,Anoplolepis,,,,5,,,,Anoplolepis,,,,
,17/03,M ,08:30,09:30,DRIE4,24.1,49.2,0.9,Clear,B1.1,17/03_DRIE4_M _B1.1,36.6,29.1,0.4,46.2,,Camponotus,Tetramorium,,,20,10,,,Camponotus angusticeps,Tetramorium sericeiventre,,,
,17/03,M ,08:30,09:30,DRIE4,24.1,49.2,0.9,Clear,B1.2,17/03_DRIE4_M _B1.2,36.6,29.1,0.4,46.2,,Camponotus,Tetramorium,Lepisiota,,2,1,2,,Camponotus angusticeps,Tetramorium sericeiventre,Lepisiota cf. capensis,,
,17/03,M ,08:30,09:30,DRIE4,24.1,49.2,0.9,Clear,B2.1,17/03_DRIE4_M _B2.1,36.3,27.6,0.9,40.9,,Tetramorium,Lepisiota,,,1,10,1,,Tetramorium sericeiventre,Lepisiota cf. capensis,Cardiocondyla shuckardi,,
,17/03,M ,08:30,09:30,DRIE4,24.1,49.2,0.9,Clear,B2.2,17/03_DRIE4_M _B2.2,36.3,27.6,0.9,40.9,,Tetramorium,,,,10,,,,Tetramorium sericeiventre,,,,
,17/03,M ,08:30,09:30,DRIE4,24.1,49.2,0.9,Clear,B3.1,17/03_DRIE4_M _B3.1,31.1,28.6,0.5,41.7,,Camponotus,Tetramorium,Lepisiota,,1,10,5,,Camponotus angusticeps,Tetramorium sericeiventre,Lepisiota cf. capensis,,
,17/03,M ,08:30,09:30,DRIE4,24.1,49.2,0.9,Clear,B3.2,17/03_DRIE4_M _B3.2,31.1,28.6,0.5,41.7,,Camponotus,Tetramorium,Lepisiota,,1,5,5,,Camponotus angusticeps,Tetramorium sericeiventre,Lepisiota cf. capensis,,
,17/03,M ,08:30,09:30,DRIE4,24.1,49.2,0.9,Clear,B4.1,17/03_DRIE4_M _B4.1,25.0,30.0,0.5,39.3,,Camponotus,,,,1,,,,Camponotus angusticeps,,,,
,17/03,M ,08:30,09:30,DRIE4,24.1,49.2,0.9,Clear,B4.2,17/03_DRIE4_M _B4.2,25.0,30.0,0.5,39.3,,,,,,0,,,,,,,,
,17/03,M ,08:30,09:30,DRIE4,24.1,49.2,0.9,Clear,B5.1,17/03_DRIE4_M _B5.1,27.2,27.1,0.0,49.3,,Anoplolepis,,,,15,,,,Anoplolepis,,,,
,17/03,M ,08:30,09:30,DRIE4,24.1,49.2,0.9,Clear,B5.2,17/03_DRIE4_M _B5.2,27.2,27.1,0.0,49.3,,Anoplolepis,,,,10,,,,Anoplolepis,,,,
,17/03,M ,08:30,09:30,DRIE4,24.1,49.2,0.9,Clear,C1.1,17/03_DRIE4_M _C1.1,30.0,20.3,0.0,41.8,,Anoplolepis,Lepisiota,,,5,3,,,Anoplolepis,Lepisiota sp.7,,,
,17/03,M ,08:30,09:30,DRIE4,24.1,49.2,0.9,Clear,C1.2,17/03_DRIE4_M _C1.2,30.0,20.3,0.0,41.8,,Anoplolepis,Lepisiota,,,20,5,,,Anoplolepis,Lepisiota sp.7,,,
,17/03,M ,08:30,09:30,DRIE4,24.1,49.2,0.9,Clear,C2.1,17/03_DRIE4_M _C2.1,41.3,27.3,0.6,42.2,,,,,,0,,,,,,,,
,17/03,M ,08:30,09:30,DRIE4,24.1,49.2,0.9,Clear,C2.2,17/03_DRIE4_M _C2.2,41.3,27.3,0.6,42.2,,,,,,0,,,,,,,,
,17/03,M ,08:30,09:30,DRIE4,24.1,49.2,0.9,Clear,C3.1,17/03_DRIE4_M _C3.1,41.1,25.0,0.6,49.1,,Camponotus,Lepisiota,Tetramorium,,1,1,1,,Camponotus angusticeps,Lepisiota cf. capensis,Tetramorium sericeiventre,,
,17/03,M ,08:30,09:30,DRIE4,24.1,49.2,0.9,Clear,C3.2,17/03_DRIE4_M _C3.2,41.1,25.0,0.6,49.1,,Lepisiota,,,,10,,,,Lepisiota cf. capensis,,,,
,17/03,M ,08:30,09:30,DRIE4,24.1,49.2,0.9,Clear,C4.1,17/03_DRIE4_M _C4.1,32.7,27.8,0.5,52.7,,Pheidole,,,,30,,,,Pheidole sp.4,,,,
,17/03,M ,08:30,09:30,DRIE4,24.1,49.2,0.9,Clear,C4.2,17/03_DRIE4_M _C4.2,32.7,27.8,0.5,52.7,,Pheidole,,,,10,,,,Pheidole sp.4,,,,
,17/03,M ,08:30,09:30,DRIE4,24.1,49.2,0.9,Clear,C5.1,17/03_DRIE4_M _C5.1,36.6,27.4,0.4,51.6,,Lepisiota,,,,20,1,,,Lepisiota cf. capensis,Pheidole sp.4,,,
,17/03,M ,08:30,09:30,DRIE4,24.1,49.2,0.9,Clear,C5.2,17/03_DRIE4_M _C5.2,36.6,27.4,0.4,51.6,,Lepisiota,,,,2,,,,Lepisiota cf. capensis,,,,
,17/03,M ,08:30,09:30,DRIE4,24.1,49.2,0.9,Clear,D1.1,17/03_DRIE4_M _D1.1,38.0,29.3,0.5,39.8,,Lepisiota,,,,5,1,2,,Lepisiota,Pheidole sp.4,Camponotus vestitus,,
,17/03,M ,08:30,09:30,DRIE4,24.1,49.2,0.9,Clear,D1.2,17/03_DRIE4_M _D1.2,38.0,29.3,0.5,39.8,,Pheidole,,,,30,,,,Pheidole sp.4,,,,
,17/03,M ,08:30,09:30,DRIE4,24.1,49.2,0.9,Clear,D2.1,17/03_DRIE4_M _D2.1,45.5,27.5,0.6,45.9,,Pheidole,,,,20,1,,,Pheidole sp.4,Camponotus vestitus,,,
,17/03,M ,08:30,09:30,DRIE4,24.1,49.2,0.9,Clear,D2.2,17/03_DRIE4_M _D2.2,45.5,27.5,0.6,45.9,,Pheidole,,,,30,,,,Pheidole sp.4,,,,
,17/03,M ,08:30,09:30,DRIE4,24.1,49.2,0.9,Clear,D3.1,17/03_DRIE4_M _D3.1,40.4,26.7,0.4,47.6,,Anoplolepis,,,,50,,,,Anoplolepis,,,,
,17/03,M ,08:30,09:30,DRIE4,24.1,49.2,0.9,Clear,D3.2,17/03_DRIE4_M _D3.2,40.4,26.7,0.4,47.6,,Anoplolepis,,,,50,,,,Anoplolepis,,,,
,17/03,M ,08:30,09:30,DRIE4,24.1,49.2,0.9,Clear,D4.1,17/03_DRIE4_M _D4.1,41.4,26.7,0.6,47.7,,Camponotus,Pheidole,,,2,5,,,Camponotus vestitus,Pheidole sp.4,,,
,17/03,M ,08:30,09:30,DRIE4,24.1,49.2,0.9,Clear,D4.2,17/03_DRIE4_M _D4.2,41.4,26.7,0.6,47.7,,Camponotus,Pheidole,,,1,5,,,Camponotus vestitus,Pheidole sp.4,,,
,17/03,M ,08:30,09:30,DRIE4,24.1,49.2,0.9,Clear,D5.1,17/03_DRIE4_M _D5.1,34.1,28.1,0.3,44.3,,Camponotus,,,,2,,,,Camponotus vestitus,,,,
,17/03,M ,08:30,09:30,DRIE4,24.1,49.2,0.9,Clear,D5.2,17/03_DRIE4_M _D5.2,34.1,28.1,0.3,44.3,,Camponotus,Lepisiota,,,1,1,,,Camponotus vestitus,Lepisiota cf. capensis,Pheidole,,
,17/03,M ,08:30,09:30,DRIE4,24.1,49.2,0.9,Clear,E1.1,17/03_DRIE4_M _E1.1,33.6,25.3,0.4,48.4,,Lepisiota,,,,10,,,,Lepisiota cf. capensis,,,,
,17/03,M ,08:30,09:30,DRIE4,24.1,49.2,0.9,Clear,E1.2,17/03_DRIE4_M _E1.2,33.6,25.3,0.4,48.4,,Camponotus,Lepisiota,,,2,10,,,Camponotus angusticeps,Pheidole sp.4,,,
,17/03,M ,08:30,09:30,DRIE4,24.1,49.2,0.9,Clear,E2.1,17/03_DRIE4_M _E2.1,37.8,27.0,0.4,48.1,,Pheidole,,,,30,,,,Pheidole sp.4,,,,
,17/03,M ,08:30,09:30,DRIE4,24.1,49.2,0.9,Clear,E2.2,17/03_DRIE4_M _E2.2,37.8,27.0,0.4,48.1,,Pheidole,,,,20,,,,Pheidole sp.4,,,,
,17/03,M ,08:30,09:30,DRIE4,24.1,49.2,0.9,Clear,E3.1,17/03_DRIE4_M _E3.1,42.1,27.0,0.5,45.3,,Anoplolepis,,,,5,,,,Anoplolepis,,,,
,17/03,M ,08:30,09:30,DRIE4,24.1,49.2,0.9,Clear,E3.2,17/03_DRIE4_M _E3.2,42.1,27.0,0.5,45.3,,Anoplolepis,Camponotus,,,5,1,,,Anoplolepis,Camponotus angusticeps,,,
,17/03,M ,08:30,09:30,DRIE4,24.1,49.2,0.9,Clear,E4.1,17/03_DRIE4_M _E4.1,41.9,28.8,0.6,44.5,,Camponotus,Anoplolepis,,,1,2,,,Camponotus angusticeps,Anoplolepis,,,
,17/03,M ,08:30,09:30,DRIE4,24.1,49.2,0.9,Clear,E4.2,17/03_DRIE4_M _E4.2,41.9,28.8,0.6,44.5,,Anoplolepis,Ocymyrmex?,,,10,1,,,Anoplolepis,Ocymyrmex barbiger,,,
,17/03,M ,08:30,09:30,DRIE4,24.1,49.2,0.9,Clear,E5.1,17/03_DRIE4_M _E5.1,38.2,29.6,0.7,47.3,,Anoplolepis,,,,5,,,,Anoplolepis,,,,
,17/03,M ,08:30,09:30,DRIE4,24.1,49.2,0.9,Clear,E5.2,17/03_DRIE4_M _E5.2,38.2,29.6,0.7,47.3,,Anoplolepis,,,,5,,,,Anoplolepis,Lepisiota cf. capensis,,,
,,,,,,,,,,,,,,,,,,,,,,,,,,,,,
,17/03,N,12:30,13:30,DRIE3,,,,<25% Cloud cover,A1.1,17/03_DRIE3_N_A1.1,46.1,33.1,0.0,30.0,,Ocymyrmex ,,,,3,,,,Ocymyrmex barbiger,,,,
,17/03,N,12:30,13:30,DRIE3,,,,<25% Cloud cover,A1.2,17/03_DRIE3_N_A1.2,46.1,33.1,0.0,30.0,,Ocymyrmex ,,,,1,,,,Ocymyrmex barbiger,,,,
,17/03,N,12:30,13:30,DRIE3,,,,<25% Cloud cover,A2.1,17/03_DRIE3_N_A2.1,38.6,32.5,0.4,30.5,,Ocymyrmex ,,,,1,,,,Ocymyrmex barbiger,,,,
,17/03,N,12:30,13:30,DRIE3,,,,<25% Cloud cover,A2.2,17/03_DRIE3_N_A2.2,38.6,32.5,0.4,30.5,,,,,,,,,,,,,,
,17/03,N,12:30,13:30,DRIE3,,,,<25% Cloud cover,A3.1,17/03_DRIE3_N_A3.1,49.8,32.5,0.3,33.5,,Ocymyrmex ,,,,20,,,,Ocymyrmex barbiger,,,,
,17/03,N,12:30,13:30,DRIE3,,,,<25% Cloud cover,A3.2,17/03_DRIE3_N_A3.2,49.8,32.5,0.3,33.5,,Ocymyrmex ,,,,5,,,,Ocymyrmex barbiger,,,,
,17/03,N,12:30,13:30,DRIE3,,,,<25% Cloud cover,A4.1,17/03_DRIE3_N_A4.1,60.4,34.5,0.4,28.6,,Lepisiota,Camponotus,,,1,1,,,Lepisota cf. capensis,Camponotus angusticeps,,,
,17/03,N,12:30,13:30,DRIE3,,,,<25% Cloud cover,A4.2,17/03_DRIE3_N_A4.2,60.4,34.5,0.4,28.6,,,,,,,,,,,,,,
,17/03,N,12:30,13:30,DRIE3,,,,<25% Cloud cover,A5.1,17/03_DRIE3_N_A5.1,44.0,31.7,0.0,28.6,,Ocymyrmex ,,,,3,,,,Ocymyrmex barbiger,,,,
,17/03,N,12:30,13:30,DRIE3,,,,<25% Cloud cover,A5.2,17/03_DRIE3_N_A5.2,44.0,31.7,0.0,28.6,,Ocymyrmex ,,,,5,,,,Ocymyrmex barbiger,,,,
,17/03,N,12:30,13:30,DRIE3,,,,<25% Cloud cover,B1.1,17/03_DRIE3_N_B1.1,49.2,32.2,0.0,34.2,,Ocymyrmex ,,,,2,,,,Ocymyrmex barbiger,,,,
,17/03,N,12:30,13:30,DRIE3,,,,<25% Cloud cover,B1.2,17/03_DRIE3_N_B1.2,49.2,32.2,0.0,34.2,,Ocymyrmex ,,,,5,,,,Ocymyrmex barbiger,,,,
,17/03,N,12:30,13:30,DRIE3,,,,<25% Cloud cover,B2.1,17/03_DRIE3_N_B2.1,49.3,32.9,0.0,37.9,,,,,,,,,,,,,,
,17/03,N,12:30,13:30,DRIE3,,,,<25% Cloud cover,B2.2,17/03_DRIE3_N_B2.2,49.3,32.9,0.0,37.9,,Ocymyrmex ,,,,1,,,,Ocymyrmex barbiger,,,,
,17/03,N,12:30,13:30,DRIE3,,,,<25% Cloud cover,B3.1,17/03_DRIE3_N_B3.1,36.4,31.2,0.0,29.9,,,,,,,,,,,,,,
,17/03,N,12:30,13:30,DRIE3,,,,<25% Cloud cover,B3.2,17/03_DRIE3_N_B3.2,36.4,31.2,0.0,29.9,,Anoplolepis,,,,10,,,,Anoplolepis,,,,
,17/03,N,12:30,13:30,DRIE3,,,,<25% Cloud cover,B4.1,17/03_DRIE3_N_B4.1,37.8,34.7,0.0,31.4,,Anoplolepis,,,,4,,,,Anoplolepis,,,,
,17/03,N,12:30,13:30,DRIE3,,,,<25% Cloud cover,B4.2,17/03_DRIE3_N_B4.2,37.8,34.7,0.0,31.4,,Anoplolepis,Ocymyrmex,,,1,1,,,Anoplolepis,Ocymyrmex barbiger,,,
,17/03,N,12:30,13:30,DRIE3,,,,<25% Cloud cover,B5.1,17/03_DRIE3_N_B5.1,45.9,32.8,0.0,32.8,,,,,,,,,,,,,,
,17/03,N,12:30,13:30,DRIE3,,,,<25% Cloud cover,B5.2,17/03_DRIE3_N_B5.2,45.9,32.8,0.0,32.8,,Anoplolepis,,,,1,,,,Anoplolepis,,,,
,17/03,N,12:30,13:30,DRIE3,,,,<25% Cloud cover,C1.1,17/03_DRIE3_N_C1.1,51.2,34.7,0.3,36.2,,,,,,,,,,,,,,
,17/03,N,12:30,13:30,DRIE3,,,,<25% Cloud cover,C1.2,17/03_DRIE3_N_C1.2,51.2,34.7,0.3,36.2,,,,,,,,,,,,,,
,17/03,N,12:30,13:30,DRIE3,,,,<25% Cloud cover,C2.1,17/03_DRIE3_N_C2.1,50.3,32.4,0.0,33.0,,Ocymyrmex,,,,5,,,,Ocymyrmex barbiger,,,,
,17/03,N,12:30,13:30,DRIE3,,,,<25% Cloud cover,C2.2,17/03_DRIE3_N_C2.2,50.3,32.4,0.0,33.0,,Ocymyrmex,,,,2,,,,Ocymyrmex barbiger,,,,
,17/03,N,12:30,13:30,DRIE3,,,,<25% Cloud cover,C3.1,17/03_DRIE3_N_C3.1,50.8,34.4,0.3,37.9,,,,,,,,,,,,,,
,17/03,N,12:30,13:30,DRIE3,,,,<25% Cloud cover,C3.2,17/03_DRIE3_N_C3.2,50.8,34.4,0.3,37.9,,,,,,,,,,,,,,
,17/03,N,12:30,13:30,DRIE3,,,,<25% Cloud cover,C4.1,17/03_DRIE3_N_C4.1,51.4,34.5,0.3,34.2,,Ocymyrmex,,,,1,,,,Ocymyrmex barbiger,,,,
,17/03,N,12:30,13:30,DRIE3,,,,<25% Cloud cover,C4.2,17/03_DRIE3_N_C4.2,51.4,34.5,0.3,34.2,,Ocymyrmex,,,,4,,,,Ocymyrmex barbiger,,,,
,17/03,N,12:30,13:30,DRIE3,,,,<25% Cloud cover,C5.1,17/03_DRIE3_N_C5.1,38.6,32.2,0.0,30.5,,,,,,,,,,,,,,
,17/03,N,12:30,13:30,DRIE3,,,,<25% Cloud cover,C5.2,17/03_DRIE3_N_C5.2,38.6,32.2,0.0,30.5,,Ocymyrmex,,,,2,,,,Ocymyrmex barbiger,,,,
,17/03,N,12:30,13:30,DRIE3,,,,<25% Cloud cover,D1.1,17/03_DRIE3_N_D1.1,51.5,29.3,0.0,35.1,,,,,,,,,,,,,,
,17/03,N,12:30,13:30,DRIE3,,,,<25% Cloud cover,D1.2,17/03_DRIE3_N_D1.2,51.5,29.3,0.0,35.1,,Tetramorium,,,,5,,,,Tetramorium sericeiventre,,,,
,17/03,N,12:30,13:30,DRIE3,,,,<25% Cloud cover,D2.1,17/03_DRIE3_N_D2.1,39.4,34.1,0.0,34.0,,Anoplolepis,,,,10,,,,Anoplolepis,,,,
,17/03,N,12:30,13:30,DRIE3,,,,<25% Cloud cover,D2.2,17/03_DRIE3_N_D2.2,39.4,34.1,0.0,34.0,,Ocymyrmex,,,,1,,,,Ocymyrmex barbiger,,,,
,17/03,N,12:30,13:30,DRIE3,,,,<25% Cloud cover,D3.1,17/03_DRIE3_N_D3.1,49.9,33.3,0.0,30.5,,Anoplolepis,Ocymyrmex,,,1,1,,,Anoplolepis,Ocymyrmex barbiger,,,
,17/03,N,12:30,13:30,DRIE3,,,,<25% Cloud cover,D3.2,17/03_DRIE3_N_D3.2,49.9,33.3,0.0,30.5,,,,,,,,,,,,,,
,17/03,N,12:30,13:30,DRIE3,,,,<25% Cloud cover,D4.1,17/03_DRIE3_N_D4.1,45.2,33.6,0.0,30.0,,Anoplolepis ,Ocymyrmex,,,1,1,,,Anoplolepis,Ocymyrmex barbiger,,,
,17/03,N,12:30,13:30,DRIE3,,,,<25% Cloud cover,D4.2,17/03_DRIE3_N_D4.2,45.2,33.6,0.0,30.0,,Ocymyrmex,,,,1,,,,Ocymyrmex barbiger,,,,
,17/03,N,12:30,13:30,DRIE3,,,,<25% Cloud cover,D5.1,17/03_DRIE3_N_D5.1,36.8,32.9,0.2,35.3,,Ocymyrmex,,,,2,,,,Ocymyrmex barbiger,,,,
,17/03,N,12:30,13:30,DRIE3,,,,<25% Cloud cover,D5.2,17/03_DRIE3_N_D5.2,36.8,32.9,0.2,35.3,,Ocymyrmex,,,,3,,,,Ocymyrmex barbiger,,,,
,17/03,N,12:30,13:30,DRIE3,,,,<25% Cloud cover,E1.1,17/03_DRIE3_N_E1.1,40.1,30.8,0.0,34.1,,Anoplolepis ,,,,2,,,,Anoplolepis,,,,
,17/03,N,12:30,13:30,DRIE3,,,,<25% Cloud cover,E1.2,17/03_DRIE3_N_E1.2,40.1,30.8,0.0,34.1,,Anoplolepis ,,,,5,,,,Ocymyrmex barbiger,,,,
,17/03,N,12:30,13:30,DRIE3,,,,<25% Cloud cover,E2.1,17/03_DRIE3_N_E2.1,44.8,31.5,0.0,34.2,,Ocymyrmex,,,,2,,,,Ocymyrmex barbiger,,,,
,17/03,N,12:30,13:30,DRIE3,,,,<25% Cloud cover,E2.2,17/03_DRIE3_N_E2.2,44.8,31.5,0.0,34.2,,Ocymyrmex,,,,2,,,,Ocymyrmex barbiger,,,,
,17/03,N,12:30,13:30,DRIE3,,,,<25% Cloud cover,E3.1,17/03_DRIE3_N_E3.1,45.2,31.1,0.0,33.8,,Ocymyrmex,,,,10,,,,Ocymyrmex barbiger,,,,
,17/03,N,12:30,13:30,DRIE3,,,,<25% Cloud cover,E3.2,17/03_DRIE3_N_E3.2,45.2,31.1,0.0,33.8,,Ocymyrmex,,,,2,,,,Ocymyrmex barbiger,,,,
,17/03,N,12:30,13:30,DRIE3,,,,<25% Cloud cover,E4.1,17/03_DRIE3_N_E4.1,40.0,33.3,0.0,33.1,,,,,,,,,,,,,,
,17/03,N,12:30,13:30,DRIE3,,,,<25% Cloud cover,E4.2,17/03_DRIE3_N_E4.2,40.0,33.3,0.0,33.1,,Anoplolepis,,,,3,,,,Anoplolepis,,,,
,17/03,N,12:30,13:30,DRIE3,,,,<25% Cloud cover,E5.1,17/03_DRIE3_N_E5.1,45.6,29.1,0.0,37.1,,Anoplolepis,,,,1,,,,Anoplolepis,,,,
,17/03,N,12:30,13:30,DRIE3,,,,<25% Cloud cover,E5.2,17/03_DRIE3_N_E5.2,45.6,29.1,0.0,37.1,,Anoplolepis,,,,4,,,,Anoplolepis,,,,
,,,,,,,,,,,,,,,,,,,,,,,,,,,,,
,17/03,E,16:30,17:30,DRIE2,29.9,37.5,0.7,Clear,A1.1,17/03_DRIE2_E_A1.1,38.7,30.6,0.0,36.7,,Anoplolepis ,,,,30,,,,Anoplolepis ,,,,
,17/03,E,16:30,17:30,DRIE2,29.9,37.5,0.7,Clear,A1.2,17/03_DRIE2_E_A1.2,38.7,30.6,0.0,36.7,,Anoplolepis ,,,,2,,,,Anoplolepis ,,,,
,17/03,E,16:30,17:30,DRIE2,29.9,37.5,0.7,Clear,A2.1,17/03_DRIE2_E_A2.1,35.4,30.9,0.0,43.6,,Anoplolepis ,,,,50,,,,Anoplolepis ,,,,
,17/03,E,16:30,17:30,DRIE2,29.9,37.5,0.7,Clear,A2.2,17/03_DRIE2_E_A2.2,35.4,30.9,0.0,43.6,,Anoplolepis ,,,,20,,,,Anoplolepis ,,,,
,17/03,E,16:30,17:30,DRIE2,29.9,37.5,0.7,Clear,A3.1,17/03_DRIE2_E_A3.1,33.3,30.0,0.0,38.1,,Anoplolepis ,,,,20,,,,Anoplolepis ,,,,
,17/03,E,16:30,17:30,DRIE2,29.9,37.5,0.7,Clear,A3.2,17/03_DRIE2_E_A3.2,33.3,30.0,0.0,38.1,,Anoplolepis ,,,,20,,,,Anoplolepis ,,,,
,17/03,E,16:30,17:30,DRIE2,29.9,37.5,0.7,Clear,A4.1,17/03_DRIE2_E_A4.1,31.8,30.2,0.0,41.1,,Tetramorium,,,,20,,,,Tetramorium sericeiventre,,,,
,17/03,E,16:30,17:30,DRIE2,29.9,37.5,0.7,Clear,A4.2,17/03_DRIE2_E_A4.2,31.8,30.2,0.0,41.1,,Tetramorium,,,,10,,,,Tetramorium sericeiventre,,,,
,17/03,E,16:30,17:30,DRIE2,29.9,37.5,0.7,Clear,A5.1,17/03_DRIE2_E_A5.1,25.9,28.9,0.0,44.1,,Anoplolepis ,,,,10,,,,Anoplolepis ,,,,
,17/03,E,16:30,17:30,DRIE2,29.9,37.5,0.7,Clear,A5.2,17/03_DRIE2_E_A5.2,25.9,28.9,0.0,44.1,,Anoplolepis ,,,,20,,,,Anoplolepis ,,,,
,17/03,E,16:30,17:30,DRIE2,29.9,37.5,0.7,Clear,B1.1,17/03_DRIE2_E_B1.1,29.1,27.5,0.0,41.8,,Anoplolepis ,,,,30,,,,Anoplolepis ,,,,
,17/03,E,16:30,17:30,DRIE2,29.9,37.5,0.7,Clear,B1.2,17/03_DRIE2_E_B1.2,29.1,27.5,0.0,41.8,,Anoplolepis ,,,,15,,,,Anoplolepis ,,,,
,17/03,E,16:30,17:30,DRIE2,29.9,37.5,0.7,Clear,B2.1,17/03_DRIE2_E_B2.1,32.5,27.2,0.0,41.8,,Anoplolepis ,,,,5,,,,Anoplolepis ,,,,
,17/03,E,16:30,17:30,DRIE2,29.9,37.5,0.7,Clear,B2.2,17/03_DRIE2_E_B2.2,32.5,27.2,0.0,41.8,,Anoplolepis ,,,,20,,,,Anoplolepis ,,,,
,17/03,E,16:30,17:30,DRIE2,29.9,37.5,0.7,Clear,B3.1,17/03_DRIE2_E_B3.1,31.0,28.4,0.0,41.4,,Camponotus (grey),Anoplolepis ,,,1,5,,,Camponotus angusticeps,,,,
,17/03,E,16:30,17:30,DRIE2,29.9,37.5,0.7,Clear,B3.2,17/03_DRIE2_E_B3.2,31.0,28.4,0.0,41.4,,Camponotus (grey),Anoplolepis ,,,1,20,,,Camponotus angusticeps,,,,
,17/03,E,16:30,17:30,DRIE2,29.9,37.5,0.7,Clear,B4.1,17/03_DRIE2_E_B4.1,31.8,28.1,0.0,45.7,,Tetramorium,,,,30,,,,Tetramorium sericeiventre,,,,
,17/03,E,16:30,17:30,DRIE2,29.9,37.5,0.7,Clear,B4.2,17/03_DRIE2_E_B4.2,31.8,28.1,0.0,45.7,,,,,,,,,,,,,,
,17/03,E,16:30,17:30,DRIE2,29.9,37.5,0.7,Clear,B5.1,17/03_DRIE2_E_B5.1,32.7,28.8,0.0,42.5,,Anoplolepis ,,,,15,,,,Anoplolepis ,,,,
,17/03,E,16:30,17:30,DRIE2,29.9,37.5,0.7,Clear,B5.2,17/03_DRIE2_E_B5.2,32.7,28.8,0.0,42.5,,Anoplolepis ,,,,20,,,,Anoplolepis ,,,,
,17/03,E,16:30,17:30,DRIE2,29.9,37.5,0.7,Clear,C1.1,17/03_DRIE2_E_C1.1,30.0,27.6,0.0,41.0,,Monomorium,Camponotus,,,2,1,,,Cardiocondyla shuckardi,Camponotus vestitus,,,
,17/03,E,16:30,17:30,DRIE2,29.9,37.5,0.7,Clear,C1.2,17/03_DRIE2_E_C1.2,30.0,27.6,0.0,41.0,,Monomorium,,,,7,,,,Cardiocondyla shuckardi,,,,
,17/03,E,16:30,17:30,DRIE2,29.9,37.5,0.7,Clear,C2.1,17/03_DRIE2_E_C2.1,27.5,27.6,0.0,41.1,,Camponotus ,Tetramorium,,,2,20,,,Camponotus vestitus,Tetramorium sericeiventre,,,
,17/03,E,16:30,17:30,DRIE2,29.9,37.5,0.7,Clear,C2.2,17/03_DRIE2_E_C2.2,27.5,27.6,0.0,41.1,,Camponotus ,Lepisiota,,,2,2,,,Camponotus angusticeps,Anoplolepis,,,
,17/03,E,16:30,17:30,DRIE2,29.9,37.5,0.7,Clear,C3.1,17/03_DRIE2_E_C3.1,27.4,27.7,0.0,42.4,,Lepisiota ,?,Tetramorium,,2,1,5,,Lepisiota cf. capensis,Cardiocondyla shuckardi,Tetramorium sericeiventre,,
,17/03,E,16:30,17:30,DRIE2,29.9,37.5,0.7,Clear,C3.2,17/03_DRIE2_E_C3.2,27.4,27.7,0.0,42.4,,Tetramorium,,,,10,,,,Tetramorium sericeiventre,,,,
,17/03,E,16:30,17:30,DRIE2,29.9,37.5,0.7,Clear,C4.1,17/03_DRIE2_E_C4.1,29.4,27.2,0.0,42.3,,,,,,,,,,,,,,
,17/03,E,16:30,17:30,DRIE2,29.9,37.5,0.7,Clear,C4.2,17/03_DRIE2_E_C4.2,29.4,27.2,0.0,42.3,,,,,,,,,,,,,,
,17/03,E,16:30,17:30,DRIE2,29.9,37.5,0.7,Clear,C5.1,17/03_DRIE2_E_C5.1,29.3,27.2,0.0,41.9,,Tetramorium ,,,,10,,,,Tetramorium sericeiventre,,,,
,17/03,E,16:30,17:30,DRIE2,29.9,37.5,0.7,Clear,C5.2,17/03_DRIE2_E_C5.2,29.3,27.2,0.0,41.9,,Tetramorium ,,,,1,,,,Tetramorium sericeiventre,,,,
,17/03,E,16:30,17:30,DRIE2,29.9,37.5,0.7,Clear,D1.1,17/03_DRIE2_E_D1.1,29.1,26.4,0.0,43.6,,Tetramorium ,,,,2,,,,Tetramorium sericeiventre,,,,
,17/03,E,16:30,17:30,DRIE2,29.9,37.5,0.7,Clear,D1.2,17/03_DRIE2_E_D1.2,29.1,26.4,0.0,43.6,,Tetramorium ,,,,5,,,,Tetramorium sericeiventre,,,,
,17/03,E,16:30,17:30,DRIE2,29.9,37.5,0.7,Clear,D2.1,17/03_DRIE2_E_D2.1,30.2,26.3,0.0,33.7,,Tetramorium ,,,,40,,,,Tetramorium sericeiventre,,,,
,17/03,E,16:30,17:30,DRIE2,29.9,37.5,0.7,Clear,D2.2,17/03_DRIE2_E_D2.2,30.2,26.3,0.0,33.7,,Tetramorium ,,,,20,,,,Tetramorium sericeiventre,,,,
,17/03,E,16:30,17:30,DRIE2,29.9,37.5,0.7,Clear,D3.1,17/03_DRIE2_E_D3.1,28.4,27.0,0.0,42.8,,Lepisiota,,,,30,,,,Lepisiota sp.4,,,,
,17/03,E,16:30,17:30,DRIE2,29.9,37.5,0.7,Clear,D3.2,17/03_DRIE2_E_D3.2,28.4,27.0,0.0,42.8,,Lepisiota,,,,30,,,,Lepisiota sp.4,,,,
,17/03,E,16:30,17:30,DRIE2,29.9,37.5,0.7,Clear,D4.1,17/03_DRIE2_E_D4.1,27.1,26.9,0.0,42.7,,,,,,,,,,,,,,
,17/03,E,16:30,17:30,DRIE2,29.9,37.5,0.7,Clear,D4.2,17/03_DRIE2_E_D4.2,27.1,26.9,0.0,42.7,,,,,,,,,,,,,,
,17/03,E,16:30,17:30,DRIE2,29.9,37.5,0.7,Clear,D5.1,17/03_DRIE2_E_D5.1,28.5,27.2,0.0,42.7,,,,,,,,,,,,,,
,17/03,E,16:30,17:30,DRIE2,29.9,37.5,0.7,Clear,D5.2,17/03_DRIE2_E_D5.2,28.5,27.2,0.0,42.7,,,,,,,,,,,,,,
,17/03,E,16:30,17:30,DRIE2,29.9,37.5,0.7,Clear,E1.1,17/03_DRIE2_E_E1.1,27.2,26.7,0.0,48.8,,Tetramorium,,,,30,,,,Tetramorium sericeiventre,,,,
,17/03,E,16:30,17:30,DRIE2,29.9,37.5,0.7,Clear,E1.2,17/03_DRIE2_E_E1.2,27.2,26.7,0.0,48.8,,,,,,,,,,,,,,
,17/03,E,16:30,17:30,DRIE2,29.9,37.5,0.7,Clear,E2.1,17/03_DRIE2_E_E2.1,32.2,27.0,0.0,47.6,,,,,,,,,,,,,,
,17/03,E,16:30,17:30,DRIE2,29.9,37.5,0.7,Clear,E2.2,17/03_DRIE2_E_E2.2,32.2,27.0,0.0,47.6,,,,,,,,,,,,,,
,17/03,E,16:30,17:30,DRIE2,29.9,37.5,0.7,Clear,E3.1,17/03_DRIE2_E_E3.1,28.9,26.5,0.0,43.2,,,,,,,,,,,,,,
,17/03,E,16:30,17:30,DRIE2,29.9,37.5,0.7,Clear,E3.2,17/03_DRIE2_E_E3.2,28.9,26.5,0.0,43.2,,,,,,,,,,,,,,
,17/03,E,16:30,17:30,DRIE2,29.9,37.5,0.7,Clear,E4.1,17/03_DRIE2_E_E4.1,29.7,26.3,0.0,45.0,,,,,,1,,,,Tetramorium sericeiventre,,,,
,17/03,E,16:30,17:30,DRIE2,29.9,37.5,0.7,Clear,E4.2,17/03_DRIE2_E_E4.2,29.7,26.3,0.0,45.0,,,,,,,,,,,,,,
,17/03,E,16:30,17:30,DRIE2,29.9,37.5,0.7,Clear,E5.1,17/03_DRIE2_E_E5.1,28.3,26.2,0.0,43.5,,Tetramorium,,,,5,,,,Tetramorium sericeiventre,,,,
,17/03,E,16:30,17:30,DRIE2,29.9,37.5,0.7,Clear,E5.2,17/03_DRIE2_E_E5.2,28.3,26.2,0.0,43.5,,Tetramorium,? Tiny ant,,,20,1,,,Tetramorium sericeiventre,Plagiolepis sp.2,,,
,,,,,,,,,,,,,,,,,,,,,,,,,,,,,
,17/03,D,20:20,21:20,DRIE1,22.6,50.0,0.6,Clear,A1.1,17/03_DRIE1_D_A1.1,17.5,22.2,0.0,51.5,,Camponotus ,,,,1,,,,Camponotus mystaceus,,,,
,17/03,D,20:20,21:20,DRIE1,22.6,50.0,0.6,Clear,A1.2,17/03_DRIE1_D_A1.2,17.5,22.2,0.0,51.5,,,,,,,,,,,,,,
,17/03,D,20:20,21:20,DRIE1,22.6,50.0,0.6,Clear,A2.1,17/03_DRIE1_D_A2.1,15.4,22.5,0.0,51.5,,,,,,,,,,,,,,
,17/03,D,20:20,21:20,DRIE1,22.6,50.0,0.6,Clear,A2.2,17/03_DRIE1_D_A2.2,15.4,22.5,0.0,51.5,,,,,,,,,,,,,,
,17/03,D,20:20,21:20,DRIE1,22.6,50.0,0.6,Clear,A3.1,17/03_DRIE1_D_A3.1,19.1,22.5,0.0,53.0,,?,,,,40,,,,Technomyrmex cf. pallipes,,,,
,17/03,D,20:20,21:20,DRIE1,22.6,50.0,0.6,Clear,A3.2,17/03_DRIE1_D_A3.2,19.1,22.5,0.0,53.0,,?,Camponotus ,,,40,1,,,Technomyrmex cf. pallipes,Camponotus mystaceus,,,
,17/03,D,20:20,21:20,DRIE1,22.6,50.0,0.6,Clear,A4.1,17/03_DRIE1_D_A4.1,18.9,23.0,0.4,39.4,,Camponotus ,,,,1,,,,Camponotus mystaceus,,,,
,17/03,D,20:20,21:20,DRIE1,22.6,50.0,0.6,Clear,A4.2,17/03_DRIE1_D_A4.2,18.9,23.0,0.4,39.4,,Camponotus ,? Tiny ant,,,4,5,,,Camponotus mystaceus,Technomyrmex cf. pallipes,,,
,17/03,D,20:20,21:20,DRIE1,22.6,50.0,0.6,Clear,A5.1,17/03_DRIE1_D_A5.1,21.0,23.2,0.0,50.2,,Monomorium,,,,13,,,,Monomorium fridae,,,,
,17/03,D,20:20,21:20,DRIE1,22.6,50.0,0.6,Clear,A5.2,17/03_DRIE1_D_A5.2,21.0,23.2,0.0,50.2,,Monomorium,,,,5,,,,Monomorium fridae,,,,
,17/03,D,20:20,21:20,DRIE1,22.6,50.0,0.6,Clear,B1.1,17/03_DRIE1_D_B1.1,18.1,25.1,0.4,47.4,,Camponotus ,Solenopsis,,,1,1,,,Camponotus mystaceus,Monomorium sp.7,,,
,17/03,D,20:20,21:20,DRIE1,22.6,50.0,0.6,Clear,B1.2,17/03_DRIE1_D_B1.2,18.1,25.1,0.4,47.4,,Solenopsis,,,,5,,,,Monomorium sp.7,,,,
,17/03,D,20:20,21:20,DRIE1,22.6,50.0,0.6,Clear,B2.1,17/03_DRIE1_D_B2.1,19.8,25.2,0.0,45.2,,Camponotus ,Solenopsis,,,1,4,,,Camponotus mystaceus,Monomorium sp.7,,,
,17/03,D,20:20,21:20,DRIE1,22.6,50.0,0.6,Clear,B2.2,17/03_DRIE1_D_B2.2,19.8,25.2,0.0,45.2,,Pheidole,,,,20,,,,Pheidole sp.4,,,,
,17/03,D,20:20,21:20,DRIE1,22.6,50.0,0.6,Clear,B3.1,17/03_DRIE1_D_B3.1,20.5,24.3,0.0,39.4,,Camponotus ,Solenopsis,,,1,3,,,Camponotus mystaceus,Monomorium sp.7,,,
,17/03,D,20:20,21:20,DRIE1,22.6,50.0,0.6,Clear,B3.2,17/03_DRIE1_D_B3.2,20.5,24.3,0.0,39.4,,Camponotus ,Solenopsis,,,1,5,,,Camponotus mystaceus,Monomorium sp.7,,,
,17/03,D,20:20,21:20,DRIE1,22.6,50.0,0.6,Clear,B4.1,17/03_DRIE1_D_B4.1,,,,,Bait missing ,,,,,,,,,,,,,
,17/03,D,20:20,21:20,DRIE1,22.6,50.0,0.6,Clear,B4.2,17/03_DRIE1_D_B4.2,,,,,Bait missing ,,,,,,,,,,,,,
,17/03,D,20:20,21:20,DRIE1,22.6,50.0,0.6,Clear,B5.1,17/03_DRIE1_D_B5.1,,,,,Bait missing ,,,,,,,,,,,,,
,17/03,D,20:20,21:20,DRIE1,22.6,50.0,0.6,Clear,B5.2,17/03_DRIE1_D_B5.2,,,,,Bait missing ,,,,,,,,,,,,,
,17/03,D,20:20,21:20,DRIE1,22.6,50.0,0.6,Clear,C1.1,17/03_DRIE1_D_C1.1,18.3,22.7,0.0,49.5,,Solenopsis ,,,,5,,,,Monomorium sp.7,,,,
,17/03,D,20:20,21:20,DRIE1,22.6,50.0,0.6,Clear,C1.2,17/03_DRIE1_D_C1.2,18.3,22.7,0.0,49.5,,,,,,,,,,,,,,
,17/03,D,20:20,21:20,DRIE1,22.6,50.0,0.6,Clear,C2.1,17/03_DRIE1_D_C2.1,,,,,Bait missing ,,,,,8,,,,Monomorium fridae,,,,
,17/03,D,20:20,21:20,DRIE1,22.6,50.0,0.6,Clear,C2.2,17/03_DRIE1_D_C2.2,,,,,Bait missing ,,,,,,,,,,,,,
,17/03,D,20:20,21:20,DRIE1,22.6,50.0,0.6,Clear,C3.1,17/03_DRIE1_D_C3.1,15.2,23.4,0.0,48.0,,Monomorium,,,,30,,,,Monomorium fridae,,,,
,17/03,D,20:20,21:20,DRIE1,22.6,50.0,0.6,Clear,C3.2,17/03_DRIE1_D_C3.2,15.2,23.4,0.0,48.0,,Monomorium,,,,50,,,,Monomorium fridae,,,,
,17/03,D,20:20,21:20,DRIE1,22.6,50.0,0.6,Clear,C4.1,17/03_DRIE1_D_C4.1,16.9,23.6,0.0,51.3,,Monomorium,,,,30,,,,Monomorium fridae,,,,
,17/03,D,20:20,21:20,DRIE1,22.6,50.0,0.6,Clear,C4.2,17/03_DRIE1_D_C4.2,16.9,23.6,0.0,51.3,,Monomorium,,,,30,,,,Monomorium fridae,,,,
,17/03,D,20:20,21:20,DRIE1,22.6,50.0,0.6,Clear,C5.1,17/03_DRIE1_D_C5.1,17.3,22.4,0.0,52.4,,Pheidole,,,,40,,,,Pheidole sp.4,,,,
,17/03,D,20:20,21:20,DRIE1,22.6,50.0,0.6,Clear,C5.2,17/03_DRIE1_D_C5.2,17.3,22.4,0.0,52.4,,Monomorium,,,,40,,,,Monomorium fridae,,,,
,17/03,D,20:20,21:20,DRIE1,22.6,50.0,0.6,Clear,D1.1,17/03_DRIE1_D_D1.1,,,,,Bait missing ,,,,,,,,,,,,,
,17/03,D,20:20,21:20,DRIE1,22.6,50.0,0.6,Clear,D1.2,17/03_DRIE1_D_D1.2,,,,,Bait missing ,,,,,,,,,,,,,
,17/03,D,20:20,21:20,DRIE1,22.6,50.0,0.6,Clear,D2.1,17/03_DRIE1_D_D2.1,17.5,24.1,0.0,49.6,,Camponotus,Lepisiota,,,2,1,,,Camponotus mystaceus,Anoplolepis,,,
,17/03,D,20:20,21:20,DRIE1,22.6,50.0,0.6,Clear,D2.2,17/03_DRIE1_D_D2.2,17.5,24.1,0.0,49.6,,,,,,,,,,,,,,
,17/03,D,20:20,21:20,DRIE1,22.6,50.0,0.6,Clear,D3.1,17/03_DRIE1_D_D3.1,,,,,Bait missing ,,,,,,,,,,,,,
,17/03,D,20:20,21:20,DRIE1,22.6,50.0,0.6,Clear,D3.2,17/03_DRIE1_D_D3.2,,,,,Bait missing ,,,,,,,,,,,,,
,17/03,D,20:20,21:20,DRIE1,22.6,50.0,0.6,Clear,D4.1,17/03_DRIE1_D_D4.1,,,,,Bait missing ,,,,,,,,,,,,,
,17/03,D,20:20,21:20,DRIE1,22.6,50.0,0.6,Clear,D4.2,17/03_DRIE1_D_D4.2,,,,,Bait missing ,,,,,,,,,,,,,
,17/03,D,20:20,21:20,DRIE1,22.6,50.0,0.6,Clear,D5.1,17/03_DRIE1_D_D5.1,20.3,24.0,0.0,53.1,,Pheidole ,,,,20,,,,Pheidole sp.4,,,,
,17/03,D,20:20,21:20,DRIE1,22.6,50.0,0.6,Clear,D5.2,17/03_DRIE1_D_D5.2,20.3,24.0,0.0,53.1,,Camponotus,,,,1,,,,Camponotus mystaceus,,,,
,17/03,D,20:20,21:20,DRIE1,22.6,50.0,0.6,Clear,E1.1,17/03_DRIE1_D_E1.1,16.2,23.3,0.0,51.8,,Pheidole ,,,,30,,,,Pheidole sp.4,,,,
,17/03,D,20:20,21:20,DRIE1,22.6,50.0,0.6,Clear,E1.2,17/03_DRIE1_D_E1.2,16.2,23.3,0.0,51.8,,Pheidole ,,,,10,,,,Pheidole sp.4,,,,
,17/03,D,20:20,21:20,DRIE1,22.6,50.0,0.6,Clear,E2.1,17/03_DRIE1_D_E2.1,17.3,24.7,0.0,49.8,,Camponotus,,,,2,,,,Camponotus mystaceus,,,,
,17/03,D,20:20,21:20,DRIE1,22.6,50.0,0.6,Clear,E2.2,17/03_DRIE1_D_E2.2,17.3,24.7,0.0,49.8,,Camponotus,Pheidole,,,1,30,,,Camponotus mystaceus,Pheidole sp.4,,,
,17/03,D,20:20,21:20,DRIE1,22.6,50.0,0.6,Clear,E3.1,17/03_DRIE1_D_E3.1,17.7,24.8,0.0,49.4,,Monomorium,,,,20,,,,Monomorium fridae,,,,
,17/03,D,20:20,21:20,DRIE1,22.6,50.0,0.6,Clear,E3.2,17/03_DRIE1_D_E3.2,17.7,24.8,0.0,49.4,,Monomorium,,,,60,,,,Monomorium fridae,,,,
,17/03,D,20:20,21:20,DRIE1,22.6,50.0,0.6,Clear,E4.1,17/03_DRIE1_D_E4.1,20.1,24.6,0.0,49.0,,Monomorium,,,,30,,,,Monomorium fridae,,,,
,17/03,D,20:20,21:20,DRIE1,22.6,50.0,0.6,Clear,E4.2,17/03_DRIE1_D_E4.2,20.1,24.6,0.0,49.0,,Monomorium,,,,40,,,,Monomorium fridae,,,,
,17/03,D,20:20,21:20,DRIE1,22.6,50.0,0.6,Clear,E5.1,17/03_DRIE1_D_E5.1,,,,,Bait missing ,,,,,,,,,,,,,
,17/03,D,20:20,21:20,DRIE1,22.6,50.0,0.6,Clear,E5.2,17/03_DRIE1_D_E5.2,,,,,Bait missing ,,,,,,,,,,,,,
,,,,,,,,,,,,,,,,,,,,,,,,,,,,,
,18/03,M ,07:40,08:40,DRIE1,22.1,57.8,0.8,Clear,A1.1,18/03_DRIE1_M _A1.1,15.2,25.1,0.0,49.3,,Tetramorium,? Tiny ant,,,5,2,1,,Tetramorium sericeiventre,Monomorium xanthognathum,Pheidole sp.4,,
,18/03,M ,07:40,08:40,DRIE1,22.1,57.8,0.8,Clear,A1.2,18/03_DRIE1_M _A1.2,15.2,25.1,0.0,49.3,,Tetramorium,,,,40,,,,Tetramorium sericeiventre,,,,
,18/03,M ,07:40,08:40,DRIE1,22.1,57.8,0.8,Clear,A2.1,18/03_DRIE1_M _A2.1,23.3,25.7,0.4,47.7,,,,,,,,,,,,,,
,18/03,M ,07:40,08:40,DRIE1,22.1,57.8,0.8,Clear,A2.2,18/03_DRIE1_M _A2.2,23.3,25.7,0.4,47.7,,,,,,,,,,,,,,
,18/03,M ,07:40,08:40,DRIE1,22.1,57.8,0.8,Clear,A3.1,18/03_DRIE1_M _A3.1,19.6,26.3,0.0,45.4,,,,,,,,,,,,,,
,18/03,M ,07:40,08:40,DRIE1,22.1,57.8,0.8,Clear,A3.2,18/03_DRIE1_M _A3.2,19.6,26.3,0.0,45.4,,,,,,,,,,,,,,
,18/03,M ,07:40,08:40,DRIE1,22.1,57.8,0.8,Clear,A4.1,18/03_DRIE1_M _A4.1,15.4,26.7,0.0,45.2,,,,,,,,,,,,,,
,18/03,M ,07:40,08:40,DRIE1,22.1,57.8,0.8,Clear,A4.2,18/03_DRIE1_M _A4.2,15.4,26.7,0.0,45.2,,Lepisiota ,,,,1,,,,Tapinoma,,,,
,18/03,M ,07:40,08:40,DRIE1,22.1,57.8,0.8,Clear,A5.1,18/03_DRIE1_M _A5.1,20.2,26.6,0.0,44.4,,Pheidole ,,,,20,,,,Pheidole sp.4,,,,
,18/03,M ,07:40,08:40,DRIE1,22.1,57.8,0.8,Clear,A5.2,18/03_DRIE1_M _A5.2,20.2,26.6,0.0,44.4,,Pheidole ,,,,20,,,,Pheidole sp.4,,,,
,18/03,M ,07:40,08:40,DRIE1,22.1,57.8,0.8,Clear,B1.1,18/03_DRIE1_M _B1.1,25.1,28.3,0.0,45.6,,Solenopsis,,,,1,,,,Monomorium sp.7,,,,
,18/03,M ,07:40,08:40,DRIE1,22.1,57.8,0.8,Clear,B1.2,18/03_DRIE1_M _B1.2,25.1,28.3,0.0,45.6,,Pheidole ,Lepisiota,,,1,20,,,Pheidole sp.4,Lepisiota cf. capensis,,,
,18/03,M ,07:40,08:40,DRIE1,22.1,57.8,0.8,Clear,B2.1,18/03_DRIE1_M _B2.1,21.4,25.8,0.4,45.3,,Solenopsis ,,,,5,,,,Monomorium sp.7,,,,
,18/03,M ,07:40,08:40,DRIE1,22.1,57.8,0.8,Clear,B2.2,18/03_DRIE1_M _B2.2,21.4,25.8,0.4,45.3,,Solenopsis ,,,,3,,,,Monomorium sp.7,,,,
,18/03,M ,07:40,08:40,DRIE1,22.1,57.8,0.8,Clear,B3.1,18/03_DRIE1_M _B3.1,18.8,26.3,0.0,45.5,,Lepisiota ,Pheidole,,,15,10,,,Lepisiota cf. capensis,Pheidole sp.4,,,
,18/03,M ,07:40,08:40,DRIE1,22.1,57.8,0.8,Clear,B3.2,18/03_DRIE1_M _B3.2,18.8,26.3,0.0,45.5,,Lepisiota ,,,,20,,,,Lepisiota cf. capensis,,,,
,18/03,M ,07:40,08:40,DRIE1,22.1,57.8,0.8,Clear,B4.1,18/03_DRIE1_M _B4.1,17.2,25.2,0.3,42.6,,Solenopsis ,,,,5,,,,Monomorium sp.7,,,,
,18/03,M ,07:40,08:40,DRIE1,22.1,57.8,0.8,Clear,B4.2,18/03_DRIE1_M _B4.2,17.2,25.2,0.3,42.6,,Pheidole ,,,,5,,,,Pheidole sp.4,,,,
,18/03,M ,07:40,08:40,DRIE1,22.1,57.8,0.8,Clear,B5.1,18/03_DRIE1_M _B5.1,15.5,26.8,0.0,50.5,,Monomorium,,,,5,,,,Monomorium fridae,,,,
,18/03,M ,07:40,08:40,DRIE1,22.1,57.8,0.8,Clear,B5.2,18/03_DRIE1_M _B5.2,15.5,26.8,0.0,50.5,,Monomorium,,,,30,,,,Monomorium fridae,,,,
,18/03,M ,07:40,08:40,DRIE1,22.1,57.8,0.8,Clear,C1.1,18/03_DRIE1_M _C1.1,17.9,27.1,0.5,43.7,,Lepisiota ,? Tiny ant,,,10,1,,,Lepisiota cf. capensis,Monomorium xanthognathum,,,
,18/03,M ,07:40,08:40,DRIE1,22.1,57.8,0.8,Clear,C1.2,18/03_DRIE1_M _C1.2,17.9,27.1,0.5,43.7,,Lepisiota ,,,,1,,,,Lepisiota cf. capensis,,,,
,18/03,M ,07:40,08:40,DRIE1,22.1,57.8,0.8,Clear,C2.1,18/03_DRIE1_M _C2.1,11.2,27.1,0.0,43.9,,Lepisiota ,,,,5,,,,Lepisiota cf. capensis,,,,
,18/03,M ,07:40,08:40,DRIE1,22.1,57.8,0.8,Clear,C2.2,18/03_DRIE1_M _C2.2,11.2,27.1,0.0,43.9,,,,,,,,,,,,,,
,18/03,M ,07:40,08:40,DRIE1,22.1,57.8,0.8,Clear,C3.1,18/03_DRIE1_M _C3.1,13.0,29.0,0.0,44.4,,Monomorium,,,,60,,,,Monomorium fridae,,,,
,18/03,M ,07:40,08:40,DRIE1,22.1,57.8,0.8,Clear,C3.2,18/03_DRIE1_M _C3.2,13.0,29.0,0.0,44.4,,Monomorium,,,,30,,,,Monomorium fridae,,,,
,18/03,M ,07:40,08:40,DRIE1,22.1,57.8,0.8,Clear,C4.1,18/03_DRIE1_M _C4.1,15.4,28.3,0.0,46.4,,Anopolepis,,,,20,,,,Anoplolepis,,,,
,18/03,M ,07:40,08:40,DRIE1,22.1,57.8,0.8,Clear,C4.2,18/03_DRIE1_M _C4.2,15.4,28.3,0.0,46.4,,?,,,,15,,,,Lepisiota cf. capensis,,,,
,18/03,M ,07:40,08:40,DRIE1,22.1,57.8,0.8,Clear,C5.1,18/03_DRIE1_M _C5.1,26.8,31.0,0.0,40.2,,Anopolepis,,,,5,,,,Anoplolepis,,,,
,18/03,M ,07:40,08:40,DRIE1,22.1,57.8,0.8,Clear,C5.2,18/03_DRIE1_M _C5.2,26.8,31.0,0.0,40.2,,Anopolepis,,,,20,,,,Anoplolepis,,,,
,18/03,M ,07:40,08:40,DRIE1,22.1,57.8,0.8,Clear,D1.1,18/03_DRIE1_M _D1.1,30.6,28.5,0.0,41.0,,?,,,,1,,,,Lepisiota cf. capensis,,,,
,18/03,M ,07:40,08:40,DRIE1,22.1,57.8,0.8,Clear,D1.2,18/03_DRIE1_M _D1.2,30.6,28.5,0.0,41.0,,Tetramorium,,,,1,,,,Tetramorium solidum,,,,
,18/03,M ,07:40,08:40,DRIE1,22.1,57.8,0.8,Clear,D2.1,18/03_DRIE1_M _D2.1,36.1,30.5,0.3,38.2,,Lepisiota,,,,4,,,,Lepisiota cf. capensis,,,,
,18/03,M ,07:40,08:40,DRIE1,22.1,57.8,0.8,Clear,D2.2,18/03_DRIE1_M _D2.2,36.1,30.5,0.3,38.2,,Lepisiota,,,,4,,,,Lepisiota cf. capensis,,,,
,18/03,M ,07:40,08:40,DRIE1,22.1,57.8,0.8,Clear,D3.1,18/03_DRIE1_M _D3.1,20.3,29.3,0.0,41.0,,Monomorium,,,,100,,,,Monomorium fridae,,,,
,18/03,M ,07:40,08:40,DRIE1,22.1,57.8,0.8,Clear,D3.2,18/03_DRIE1_M _D3.2,20.3,29.3,0.0,41.0,,Monomorium,,,,50,,,,Monomorium fridae,,,,
,18/03,M ,07:40,08:40,DRIE1,22.1,57.8,0.8,Clear,D4.1,18/03_DRIE1_M _D4.1,23.7,29.6,0.0,39.5,,Monomorium,,,,30,,,,Monomorium fridae,,,,
,18/03,M ,07:40,08:40,DRIE1,22.1,57.8,0.8,Clear,D4.2,18/03_DRIE1_M _D4.2,23.7,29.6,0.0,39.5,,Monomorium,,,,25,,,,Monomorium fridae,,,,
,18/03,M ,07:40,08:40,DRIE1,22.1,57.8,0.8,Clear,D5.1,18/03_DRIE1_M _D5.1,22.5,29.8,0.4,40.3,,Monomorium,,,,50,,,,Monomorium fridae,,,,
,18/03,M ,07:40,08:40,DRIE1,22.1,57.8,0.8,Clear,D5.2,18/03_DRIE1_M _D5.2,22.5,29.8,0.4,40.3,,Monomorium,,,,60,,,,Monomorium fridae,,,,
,18/03,M ,07:40,08:40,DRIE1,22.1,57.8,0.8,Clear,E1.1,18/03_DRIE1_M _E1.1,36.0,29.3,0.4,47.6,,Pheidole,,,,50,,,,Pheidole sp.4,,,,
,18/03,M ,07:40,08:40,DRIE1,22.1,57.8,0.8,Clear,E1.2,18/03_DRIE1_M _E1.2,36.0,29.3,0.4,47.6,,Lepisiota,Pheidole,,,2,20,,,Lepisiota cf. capensis,Pheidole sp.4,,,
,18/03,M ,07:40,08:40,DRIE1,22.1,57.8,0.8,Clear,E2.1,18/03_DRIE1_M _E2.1,21.9,29.3,0.6,39.7,,Anopolepis,,,,30,,,,Anoplolepis,,,,
,18/03,M ,07:40,08:40,DRIE1,22.1,57.8,0.8,Clear,E2.2,18/03_DRIE1_M _E2.2,21.9,29.3,0.6,39.7,,Anopolepis,,,,40,,,,Anoplolepis,,,,
,18/03,M ,07:40,08:40,DRIE1,22.1,57.8,0.8,Clear,E3.1,18/03_DRIE1_M _E3.1,37.4,29.6,0.0,41.6,,Monomorium,,,,50,,,,Monomorium fridae,,,,
,18/03,M ,07:40,08:40,DRIE1,22.1,57.8,0.8,Clear,E3.2,18/03_DRIE1_M _E3.2,37.4,29.6,0.0,41.6,,Monomorium,,,,100,,,,Monomorium fridae,,,,
,18/03,M ,07:40,08:40,DRIE1,22.1,57.8,0.8,Clear,E4.1,18/03_DRIE1_M _E4.1,26.4,29.9,0.0,39.6,,Monomorium,,,,50,,,,Monomorium fridae,,,,
,18/03,M ,07:40,08:40,DRIE1,22.1,57.8,0.8,Clear,E4.2,18/03_DRIE1_M _E4.2,26.4,29.9,0.0,39.6,,Monomorium,,,,100,,,,Monomorium fridae,,,,
,18/03,M ,07:40,08:40,DRIE1,22.1,57.8,0.8,Clear,E5.1,18/03_DRIE1_M _E5.1,33.8,32.3,0.0,37.6,,Pheidole,,,,50,,,,Pheidole sp.4,,,,
,18/03,M ,07:40,08:40,DRIE1,22.1,57.8,0.8,Clear,E5.2,18/03_DRIE1_M _E5.2,33.8,32.3,0.0,37.6,,Monomorium,,,,30,,,,Monomorium fridae,,,,
,,,,,,,,,,,,,,,,,,,,,,,,,,,,,
,18/03,N,12:00,13:00,DRIE4,32.3,44.8,4.7,"Clear, fire smoke",A1.1,18/03_DRIE4_N_A1.1,50.1,36.1,0.7,38.6,,,,,,,,,,,,,,
,18/03,N,12:00,13:00,DRIE4,32.3,44.8,4.7,"Clear, fire smoke",A1.2,18/03_DRIE4_N_A1.2,50.1,36.1,0.7,38.6,,,,,,,,,,,,,,
,18/03,N,12:00,13:00,DRIE4,32.3,44.8,4.7,"Clear, fire smoke",A2.1,18/03_DRIE4_N_A2.1,53.1,38.9,0.6,39.9,,,,,,,,,,,,,,
,18/03,N,12:00,13:00,DRIE4,32.3,44.8,4.7,"Clear, fire smoke",A2.2,18/03_DRIE4_N_A2.2,53.1,38.9,0.6,39.9,,Ocymyrmex,,,,3,,,,Ocymyrmex barbiger,,,,
,18/03,N,12:00,13:00,DRIE4,32.3,44.8,4.7,"Clear, fire smoke",A3.1,18/03_DRIE4_N_A3.1,58.5,39.9,0.4,40.3,,Ocymyrmex,,,,1,,,,Ocymyrmex barbiger,,,,
,18/03,N,12:00,13:00,DRIE4,32.3,44.8,4.7,"Clear, fire smoke",A3.2,18/03_DRIE4_N_A3.2,58.5,39.9,0.4,40.3,,Ocymyrmex,,,,1,,,,Ocymyrmex barbiger,,,,
,18/03,N,12:00,13:00,DRIE4,32.3,44.8,4.7,"Clear, fire smoke",A4.1,18/03_DRIE4_N_A4.1,50.5,41.3,0.4,43.1,,,,,,,,,,,,,,
,18/03,N,12:00,13:00,DRIE4,32.3,44.8,4.7,"Clear, fire smoke",A4.2,18/03_DRIE4_N_A4.2,50.5,41.3,0.4,43.1,,,,,,,,,,,,,,
,18/03,N,12:00,13:00,DRIE4,32.3,44.8,4.7,"Clear, fire smoke",A5.1,18/03_DRIE4_N_A5.1,44.3,37.4,1.2,40.1,,Ocymyrmex,,,,4,,,,Ocymyrmex barbiger,,,,
,18/03,N,12:00,13:00,DRIE4,32.3,44.8,4.7,"Clear, fire smoke",A5.2,18/03_DRIE4_N_A5.2,44.3,37.4,1.2,40.1,,Ocymyrmex,,,,1,,,,Ocymyrmex barbiger,,,,
,18/03,N,12:00,13:00,DRIE4,32.3,44.8,4.7,"Clear, fire smoke",B1.1,18/03_DRIE4_N_B1.1,45.7,37.8,0.8,45.0,,Ocymyrmex,,,,3,,,,Ocymyrmex barbiger,,,,
,18/03,N,12:00,13:00,DRIE4,32.3,44.8,4.7,"Clear, fire smoke",B1.2,18/03_DRIE4_N_B1.2,45.7,37.8,0.8,45.0,,Ocymyrmex,,,,1,,,,Ocymyrmex barbiger,,,,
,18/03,N,12:00,13:00,DRIE4,32.3,44.8,4.7,"Clear, fire smoke",B2.1,18/03_DRIE4_N_B2.1,57.8,36.7,0.4,47.2,,Ocymyrmex,,,,1,,,,Ocymyrmex barbiger,,,,
,18/03,N,12:00,13:00,DRIE4,32.3,44.8,4.7,"Clear, fire smoke",B2.2,18/03_DRIE4_N_B2.2,57.8,36.7,0.4,47.2,,Ocymyrmex,,,,1,,,,Ocymyrmex barbiger,,,,
,18/03,N,12:00,13:00,DRIE4,32.3,44.8,4.7,"Clear, fire smoke",B3.1,18/03_DRIE4_N_B3.1,55.3,37.5,0.7,47.1,,Ocymyrmex,,,,4,,,,Ocymyrmex barbiger,,,,
,18/03,N,12:00,13:00,DRIE4,32.3,44.8,4.7,"Clear, fire smoke",B3.2,18/03_DRIE4_N_B3.2,55.3,37.5,0.7,47.1,,Ocymyrmex,,,,2,,,,Ocymyrmex barbiger,,,,
,18/03,N,12:00,13:00,DRIE4,32.3,44.8,4.7,"Clear, fire smoke",B4.1,18/03_DRIE4_N_B4.1,50.2,37.6,0.4,47.2,,Ocymyrmex,,,,5,,,,Ocymyrmex barbiger,,,,
,18/03,N,12:00,13:00,DRIE4,32.3,44.8,4.7,"Clear, fire smoke",B4.2,18/03_DRIE4_N_B4.2,50.2,37.6,0.4,47.2,,,,,,,,,,,,,,
,18/03,N,12:00,13:00,DRIE4,32.3,44.8,4.7,"Clear, fire smoke",B5.1,18/03_DRIE4_N_B5.1,50.1,37.7,1.1,40.7,,Ocymyrmex,,,,5,,,,Ocymyrmex barbiger,,,,
,18/03,N,12:00,13:00,DRIE4,32.3,44.8,4.7,"Clear, fire smoke",B5.2,18/03_DRIE4_N_B5.2,50.1,37.7,1.1,40.7,,Ocymyrmex,,,,2,,,,Ocymyrmex barbiger,,,,
,18/03,N,12:00,13:00,DRIE4,32.3,44.8,4.7,"Clear, fire smoke",C1.1,18/03_DRIE4_N_C1.1,50.1,37.2,0.6,52.6,,Lepisiota,Ocymyrmex,,,1,2,,,Lepisiota cf. capensis,Ocymyrmex barbiger,,,
,18/03,N,12:00,13:00,DRIE4,32.3,44.8,4.7,"Clear, fire smoke",C1.2,18/03_DRIE4_N_C1.2,50.1,37.2,0.6,52.6,,Ocymyrmex,,,,2,,,,Ocymyrmex barbiger,,,,
,18/03,N,12:00,13:00,DRIE4,32.3,44.8,4.7,"Clear, fire smoke",C2.1,18/03_DRIE4_N_C2.1,56.5,36.2,0.9,47.0,,,,,,,,,,,,,,
,18/03,N,12:00,13:00,DRIE4,32.3,44.8,4.7,"Clear, fire smoke",C2.2,18/03_DRIE4_N_C2.2,56.5,36.2,0.9,47.0,,,,,,,,,,,,,,
,18/03,N,12:00,13:00,DRIE4,32.3,44.8,4.7,"Clear, fire smoke",C3.1,18/03_DRIE4_N_C3.1,57.6,37.7,0.4,43.2,,Ocymyrmex,,,,10,,,,Ocymyrmex barbiger,,,,
,18/03,N,12:00,13:00,DRIE4,32.3,44.8,4.7,"Clear, fire smoke",C3.2,18/03_DRIE4_N_C3.2,57.6,37.7,0.4,43.2,,,,,,,,,,,,,,
,18/03,N,12:00,13:00,DRIE4,32.3,44.8,4.7,"Clear, fire smoke",C4.1,18/03_DRIE4_N_C4.1,48.6,38.7,0.4,42.1,,,,,,,,,,,,,,
,18/03,N,12:00,13:00,DRIE4,32.3,44.8,4.7,"Clear, fire smoke",C4.2,18/03_DRIE4_N_C4.2,48.6,38.7,0.4,42.1,,,,,,,,,,,,,,
,18/03,N,12:00,13:00,DRIE4,32.3,44.8,4.7,"Clear, fire smoke",C5.1,18/03_DRIE4_N_C5.1,51.8,38.4,0.4,44.0,,Ocymyrmex,,,,10,,,,Ocymyrmex barbiger,,,,
,18/03,N,12:00,13:00,DRIE4,32.3,44.8,4.7,"Clear, fire smoke",C5.2,18/03_DRIE4_N_C5.2,51.8,38.4,0.4,44.0,,,,,,,,,,,,,,
,18/03,N,12:00,13:00,DRIE4,32.3,44.8,4.7,"Clear, fire smoke",D1.1,18/03_DRIE4_N_D1.1,59.5,39.0,0.5,41.8,,Ocymyrmex,,,,2,,,,Ocymyrmex barbiger,,,,
,18/03,N,12:00,13:00,DRIE4,32.3,44.8,4.7,"Clear, fire smoke",D1.2,18/03_DRIE4_N_D1.2,59.5,39.0,0.5,41.8,,,,,,,,,,,,,,
,18/03,N,12:00,13:00,DRIE4,32.3,44.8,4.7,"Clear, fire smoke",D2.1,18/03_DRIE4_N_D2.1,44.0,39.6,0.4,37.4,,Ocymyrmex,,,,5,,,,Ocymyrmex barbiger,,,,
,18/03,N,12:00,13:00,DRIE4,32.3,44.8,4.7,"Clear, fire smoke",D2.2,18/03_DRIE4_N_D2.2,44.0,39.6,0.4,37.4,,,,,,,,,,,,,,
,18/03,N,12:00,13:00,DRIE4,32.3,44.8,4.7,"Clear, fire smoke",D3.1,18/03_DRIE4_N_D3.1,53.8,38.6,0.7,41.2,,,,,,,,,,,,,,
,18/03,N,12:00,13:00,DRIE4,32.3,44.8,4.7,"Clear, fire smoke",D3.2,18/03_DRIE4_N_D3.2,53.8,38.6,0.7,41.2,,Tetramorium,,,,10,,,,Tetramorium sericeiventre,,,,
,18/03,N,12:00,13:00,DRIE4,32.3,44.8,4.7,"Clear, fire smoke",D4.1,18/03_DRIE4_N_D4.1,48.0,34.8,0.0,41.8,,,,,,,,,,,,,,
,18/03,N,12:00,13:00,DRIE4,32.3,44.8,4.7,"Clear, fire smoke",D4.2,18/03_DRIE4_N_D4.2,48.0,34.8,0.0,41.8,,,,,,,,,,,,,,
,18/03,N,12:00,13:00,DRIE4,32.3,44.8,4.7,"Clear, fire smoke",D5.1,18/03_DRIE4_N_D5.1,46.7,39.1,0.4,37.9,,Ocymyrmex,,,,2,,,,Ocymyrmex barbiger,,,,
,18/03,N,12:00,13:00,DRIE4,32.3,44.8,4.7,"Clear, fire smoke",D5.2,18/03_DRIE4_N_D5.2,46.7,39.1,0.4,37.9,,,,,,,,,,,,,,
,18/03,N,12:00,13:00,DRIE4,32.3,44.8,4.7,"Clear, fire smoke",E1.1,18/03_DRIE4_N_E1.1,50.3,38.7,0.0,41.3,,Ocymyrmex,Lepisiota,,,1,5,,,Ocymyrmex barbiger,Lepisiota cf. capensis,,,
,18/03,N,12:00,13:00,DRIE4,32.3,44.8,4.7,"Clear, fire smoke",E1.2,18/03_DRIE4_N_E1.2,50.3,38.7,0.0,41.3,,Ocymyrmex,,,,3,,,,Ocymyrmex barbiger,,,,
,18/03,N,12:00,13:00,DRIE4,32.3,44.8,4.7,"Clear, fire smoke",E2.1,18/03_DRIE4_N_E2.1,46.4,38.0,0.0,44.9,,Ocymyrmex,Lepisiota,,,4,2,,,Ocymyrmex barbiger,Lepisiota cf. capensis,,,
,18/03,N,12:00,13:00,DRIE4,32.3,44.8,4.7,"Clear, fire smoke",E2.2,18/03_DRIE4_N_E2.2,46.4,38.0,0.0,44.9,,Lepisiota,,,,1,,,,Lepisiota cf. capensis,,,,
,18/03,N,12:00,13:00,DRIE4,32.3,44.8,4.7,"Clear, fire smoke",E3.1,18/03_DRIE4_N_E3.1,40.8,37.6,0.7,51.4,,Ocymyrmex,,,,3,,,,Ocymyrmex barbiger,,,,
,18/03,N,12:00,13:00,DRIE4,32.3,44.8,4.7,"Clear, fire smoke",E3.2,18/03_DRIE4_N_E3.2,40.8,37.6,0.7,51.4,,Ocymyrmex,,,,1,,,,Ocymyrmex barbiger,,,,
,18/03,N,12:00,13:00,DRIE4,32.3,44.8,4.7,"Clear, fire smoke",E4.1,18/03_DRIE4_N_E4.1,50.6,38.6,0.5,44.9,,Ocymyrmex,,,,1,,,,Ocymyrmex barbiger,,,,
,18/03,N,12:00,13:00,DRIE4,32.3,44.8,4.7,"Clear, fire smoke",E4.2,18/03_DRIE4_N_E4.2,50.6,38.6,0.5,44.9,,Ocymyrmex,,,,1,,,,Ocymyrmex barbiger,,,,
,18/03,N,12:00,13:00,DRIE4,32.3,44.8,4.7,"Clear, fire smoke",E5.1,18/03_DRIE4_N_E5.1,45.9,36.8,0.0,41.1,,Lepisiota,Ocymyrmex,,,1,1,,,Lepisiota cf. capensis,Ocymyrmex barbiger,,,
,18/03,N,12:00,13:00,DRIE4,32.3,44.8,4.7,"Clear, fire smoke",E5.2,18/03_DRIE4_N_E5.2,45.9,36.8,0.0,41.1,,,,,,,,,,,,,,
,,,,,,,,,,,,,,,,,,,,,,,,,,,,,
,18/03,E,16:30,17:30,DRIE3,31.7,39.5,0.7,Clear,A1.1,18/03_DRIE3_E_A1.1,33.0,31.4,0.0,39.6,,Anopolepis,Tetramorium,Lepisiota,,20,3,1,,Anoplolepis,Tetramorium sericeiventre,Lepisiota cf. capensis,,
,18/03,E,16:30,17:30,DRIE3,31.7,39.5,0.7,Clear,A1.2,18/03_DRIE3_E_A1.2,33.0,31.4,0.0,39.6,,Anopolepis,Tetramorium,Lepisiota,?,5,1,2,1,Anoplolepis,Tetramorium sericeiventre,Lepisiota cf. capensis,Monomorium fridae,
,18/03,E,16:30,17:30,DRIE3,31.7,39.5,0.7,Clear,A2.1,18/03_DRIE3_E_A2.1,30.7,30.8,0.0,39.4,,Anopolepis,,,,40,,,,Anoplolepis,,,,
,18/03,E,16:30,17:30,DRIE3,31.7,39.5,0.7,Clear,A2.2,18/03_DRIE3_E_A2.2,30.7,30.8,0.0,39.4,,Anopolepis,,,,30,,,,Anoplolepis,,,,
,18/03,E,16:30,17:30,DRIE3,31.7,39.5,0.7,Clear,A3.1,18/03_DRIE3_E_A3.1,34.6,30.3,0.0,38.7,,Lepisiota,,,,40,,,,Lepisiota cf. capensis,,,,
,18/03,E,16:30,17:30,DRIE3,31.7,39.5,0.7,Clear,A3.2,18/03_DRIE3_E_A3.2,34.6,30.3,0.0,38.7,,Pheidole ,Lepisiota,,,20,5,,,Pheidole sp.4,Lepisiota cf. capensis,,,
,18/03,E,16:30,17:30,DRIE3,31.7,39.5,0.7,Clear,A4.1,18/03_DRIE3_E_A4.1,32.6,30.2,0.0,38.8,,Anopolepis,,,,50,,,,Anoplolepis,,,,
,18/03,E,16:30,17:30,DRIE3,31.7,39.5,0.7,Clear,A4.2,18/03_DRIE3_E_A4.2,32.6,30.2,0.0,38.8,,Anopolepis,,,,50,,,,Anoplolepis,,,,
,18/03,E,16:30,17:30,DRIE3,31.7,39.5,0.7,Clear,A5.1,18/03_DRIE3_E_A5.1,31.7,30.1,0.0,39.7,,Anopolepis,,,,50,,,,Anoplolepis,,,,
,18/03,E,16:30,17:30,DRIE3,31.7,39.5,0.7,Clear,A5.2,18/03_DRIE3_E_A5.2,31.7,30.1,0.0,39.7,,Anopolepis,,,,50,,,,Anoplolepis,,,,
,18/03,E,16:30,17:30,DRIE3,31.7,39.5,0.7,Clear,B1.1,18/03_DRIE3_E_B1.1,32.1,29.9,0.0,40.8,,Anopolepis,,,,30,,,,Anoplolepis,,,,
,18/03,E,16:30,17:30,DRIE3,31.7,39.5,0.7,Clear,B1.2,18/03_DRIE3_E_B1.2,32.1,29.9,0.0,40.8,,Anopolepis,,,,20,,,,Anoplolepis,,,,
,18/03,E,16:30,17:30,DRIE3,31.7,39.5,0.7,Clear,B2.1,18/03_DRIE3_E_B2.1,31.8,29.4,0.0,42.4,,Anopolepis,,,,30,,,,Anoplolepis,,,,
,18/03,E,16:30,17:30,DRIE3,31.7,39.5,0.7,Clear,B2.2,18/03_DRIE3_E_B2.2,31.8,29.4,0.0,42.4,,Anopolepis,,,,30,,,,Anoplolepis,,,,
,18/03,E,16:30,17:30,DRIE3,31.7,39.5,0.7,Clear,B3.1,18/03_DRIE3_E_B3.1,32.5,29.6,0.0,42.5,,Anopolepis,,,,30,,,,Anoplolepis,,,,
,18/03,E,16:30,17:30,DRIE3,31.7,39.5,0.7,Clear,B3.2,18/03_DRIE3_E_B3.2,32.5,29.6,0.0,42.5,,Anopolepis,,,,50,,,,Anoplolepis,,,,
,18/03,E,16:30,17:30,DRIE3,31.7,39.5,0.7,Clear,B4.1,18/03_DRIE3_E_B4.1,32.4,29.7,0.0,41.7,,Anopolepis,,,,30,,,,Anoplolepis,,,,
,18/03,E,16:30,17:30,DRIE3,31.7,39.5,0.7,Clear,B4.2,18/03_DRIE3_E_B4.2,32.4,29.7,0.0,41.7,,Anopolepis,,,,10,,,,Anoplolepis,,,,
,18/03,E,16:30,17:30,DRIE3,31.7,39.5,0.7,Clear,B5.1,18/03_DRIE3_E_B5.1,31.2,30.1,0.0,40.8,,Anopolepis,,,,20,,,,Anoplolepis,,,,
,18/03,E,16:30,17:30,DRIE3,31.7,39.5,0.7,Clear,B5.2,18/03_DRIE3_E_B5.2,31.2,30.1,0.0,40.8,,Pheidole ,,,,40,,,,Pheidole sp.4,,,,
,18/03,E,16:30,17:30,DRIE3,31.7,39.5,0.7,Clear,C1.1,18/03_DRIE3_E_C1.1,32.2,29.8,0.0,41.7,,Anopolepis,,,,50,,,,Anoplolepis,,,,
,18/03,E,16:30,17:30,DRIE3,31.7,39.5,0.7,Clear,C1.2,18/03_DRIE3_E_C1.2,32.2,29.8,0.0,41.7,,Anopolepis,,,,70,,,,Anoplolepis,,,,
,18/03,E,16:30,17:30,DRIE3,31.7,39.5,0.7,Clear,C2.1,18/03_DRIE3_E_C2.1,30.1,30.0,0.0,41.1,,Anopolepis,,,,60,,,,Anoplolepis,,,,
,18/03,E,16:30,17:30,DRIE3,31.7,39.5,0.7,Clear,C2.2,18/03_DRIE3_E_C2.2,30.1,30.0,0.0,41.1,,Anopolepis,,,,50,,,,Anoplolepis,,,,
,18/03,E,16:30,17:30,DRIE3,31.7,39.5,0.7,Clear,C3.1,18/03_DRIE3_E_C3.1,29.4,29.7,0.0,39.2,,Anopolepis,,,,1,,,,Anoplolepis,,,,
,18/03,E,16:30,17:30,DRIE3,31.7,39.5,0.7,Clear,C3.2,18/03_DRIE3_E_C3.2,29.4,29.7,0.0,39.2,,Anopolepis,,,,1,,,,Anoplolepis,,,,
,18/03,E,16:30,17:30,DRIE3,31.7,39.5,0.7,Clear,C4.1,18/03_DRIE3_E_C4.1,29.8,29.0,0.0,40.3,,Anopolepis,,,,2,,,,Anoplolepis,,,,
,18/03,E,16:30,17:30,DRIE3,31.7,39.5,0.7,Clear,C4.2,18/03_DRIE3_E_C4.2,29.8,29.0,0.0,40.3,,,,,,,,,,,,,,
,18/03,E,16:30,17:30,DRIE3,31.7,39.5,0.7,Clear,C5.1,18/03_DRIE3_E_C5.1,29.7,29.5,0.0,43.0,,Anoplolepis ,,,,20,,,,Anoplolepis,,,,
,18/03,E,16:30,17:30,DRIE3,31.7,39.5,0.7,Clear,C5.2,18/03_DRIE3_E_C5.2,29.7,29.5,0.0,43.0,,Anoplolepis ,,,,20,,,,Anoplolepis,,,,
,18/03,E,16:30,17:30,DRIE3,31.7,39.5,0.7,Clear,D1.1,18/03_DRIE3_E_D1.1,27.2,28.3,0.0,42.1,,Anoplolepis ,Solenopsis,Pheidole,,4,2,1,,Anoplolepis,Monomorium sp.,Pheidole sp.4,,
,18/03,E,16:30,17:30,DRIE3,31.7,39.5,0.7,Clear,D1.2,18/03_DRIE3_E_D1.2,27.2,28.3,0.0,42.1,,Anoplolepis ,Lepisiota,Pheidole,,1,1,1,,Anoplolepis,Lepisiota cf. capensis,Pheidole sp.4,,
,18/03,E,16:30,17:30,DRIE3,31.7,39.5,0.7,Clear,D2.1,18/03_DRIE3_E_D2.1,31.4,29.0,0.0,40.9,,Anoplolepis ,,,,40,,,,Anoplolepis,,,,
,18/03,E,16:30,17:30,DRIE3,31.7,39.5,0.7,Clear,D2.2,18/03_DRIE3_E_D2.2,31.4,29.0,0.0,40.9,,Anoplolepis ,,,,40,,,,Anoplolepis,,,,
,18/03,E,16:30,17:30,DRIE3,31.7,39.5,0.7,Clear,D3.1,18/03_DRIE3_E_D3.1,30.4,28.8,0.0,40.8,,Anoplolepis ,,,,20,,,,Anoplolepis,,,,
,18/03,E,16:30,17:30,DRIE3,31.7,39.5,0.7,Clear,D3.2,18/03_DRIE3_E_D3.2,30.4,28.8,0.0,40.8,,Anoplolepis ,,,,40,,,,Anoplolepis,,,,
,18/03,E,16:30,17:30,DRIE3,31.7,39.5,0.7,Clear,D4.1,18/03_DRIE3_E_D4.1,29.9,29.4,0.0,40.5,,Anoplolepis ,,,,10,,,,Anoplolepis,,,,
,18/03,E,16:30,17:30,DRIE3,31.7,39.5,0.7,Clear,D4.2,18/03_DRIE3_E_D4.2,29.9,29.4,0.0,40.5,,Anoplolepis ,,,,10,,,,Anoplolepis,,,,
,18/03,E,16:30,17:30,DRIE3,31.7,39.5,0.7,Clear,D5.1,18/03_DRIE3_E_D5.1,27.2,29.7,0.0,43.1,,Anoplolepis ,,,,30,,,,Anoplolepis,,,,
,18/03,E,16:30,17:30,DRIE3,31.7,39.5,0.7,Clear,D5.2,18/03_DRIE3_E_D5.2,27.2,29.7,0.0,43.1,,Anoplolepis ,,,,40,,,,Anoplolepis,,,,
,18/03,E,16:30,17:30,DRIE3,31.7,39.5,0.7,Clear,E1.1,18/03_DRIE3_E_E1.1,28.4,28.7,0.0,41.3,,Anoplolepis ,,,,1,,,,Anoplolepis,,,,
,18/03,E,16:30,17:30,DRIE3,31.7,39.5,0.7,Clear,E1.2,18/03_DRIE3_E_E1.2,28.4,28.7,0.0,41.3,,Anoplolepis ,Lepisiota,,,2,3,,,Anoplolepis,Lepisiota cf. capensis,,,
,18/03,E,16:30,17:30,DRIE3,31.7,39.5,0.7,Clear,E2.1,18/03_DRIE3_E_E2.1,29.5,28.6,0.0,40.6,,Anoplolepis ,,,,10,,,,Anoplolepis,,,,
,18/03,E,16:30,17:30,DRIE3,31.7,39.5,0.7,Clear,E2.2,18/03_DRIE3_E_E2.2,29.5,28.6,0.0,40.6,,Anoplolepis ,,,,5,,,,Anoplolepis,,,,
,18/03,E,16:30,17:30,DRIE3,31.7,39.5,0.7,Clear,E3.1,18/03_DRIE3_E_E3.1,28.6,28.7,0.0,40.7,,Anoplolepis ,Lepisiota,,,20,1,,,Anoplolepis,Lepisiota cf. capensis,,,
,18/03,E,16:30,17:30,DRIE3,31.7,39.5,0.7,Clear,E3.2,18/03_DRIE3_E_E3.2,28.6,28.7,0.0,40.7,,Anoplolepis ,,,,30,,,,Anoplolepis,,,,
,18/03,E,16:30,17:30,DRIE3,31.7,39.5,0.7,Clear,E4.1,18/03_DRIE3_E_E4.1,29.0,28.2,0.0,42.7,,,,,,,,,,,,,,
,18/03,E,16:30,17:30,DRIE3,31.7,39.5,0.7,Clear,E4.2,18/03_DRIE3_E_E4.2,29.0,28.2,0.0,42.7,,Anopolepis,,,,20,,,,Anoplolepis,,,,
,18/03,E,16:30,17:30,DRIE3,31.7,39.5,0.7,Clear,E5.1,18/03_DRIE3_E_E5.1,27.8,28.0,0.0,42.2,,Anopolepis,,,,10,,,,Anoplolepis,,,,
,18/03,E,16:30,17:30,DRIE3,31.7,39.5,0.7,Clear,E5.2,18/03_DRIE3_E_E5.2,27.8,28.0,0.0,42.2,,Anopolepis,,,,30,,,,Anoplolepis,,,,
,,,,,,,,,,,,,,,,,,,,,,,,,,,,,
,18/03,D,20:15,21:15,DRIE2,26.2,43.8,0.4,Clear,A1.1,18/03_DRIE2_D_A1.1,22.9,26.0,0.0,44.2,,Anopolepis,,,,50,,,,Anopolepis,,,,
,18/03,D,20:15,21:15,DRIE2,26.2,43.8,0.4,Clear,A1.2,18/03_DRIE2_D_A1.2,22.9,26.0,0.0,44.2,,Anopolepis,Lepisiota,,,20,5,,,Anopolepis,,,,
,18/03,D,20:15,21:15,DRIE2,26.2,43.8,0.4,Clear,A2.1,18/03_DRIE2_D_A2.1,32.2,25.2,0.0,46.2,,Anopolepis,,,,50,,,,Anopolepis,,,,
,18/03,D,20:15,21:15,DRIE2,26.2,43.8,0.4,Clear,A2.2,18/03_DRIE2_D_A2.2,32.2,25.2,0.0,46.2,,Anopolepis,,,,20,,,,Anopolepis,,,,
,18/03,D,20:15,21:15,DRIE2,26.2,43.8,0.4,Clear,A3.1,18/03_DRIE2_D_A3.1,22.8,25.8,0.0,44.7,,Anopolepis,,,,30,,,,Anopolepis,,,,
,18/03,D,20:15,21:15,DRIE2,26.2,43.8,0.4,Clear,A3.2,18/03_DRIE2_D_A3.2,22.8,25.8,0.0,44.7,,Anopolepis,,,,20,,,,Anopolepis,,,,
,18/03,D,20:15,21:15,DRIE2,26.2,43.8,0.4,Clear,A4.1,18/03_DRIE2_D_A4.1,23.3,26.1,0.0,43.4,,Camponotus,Lepisiota,,,1,1,,,Camponotus mystaceus,Lepisiota cf. capensis,,,
,18/03,D,20:15,21:15,DRIE2,26.2,43.8,0.4,Clear,A4.2,18/03_DRIE2_D_A4.2,23.3,26.1,0.0,43.4,,,,,,,,,,,,,,
,18/03,D,20:15,21:15,DRIE2,26.2,43.8,0.4,Clear,A5.1,18/03_DRIE2_D_A5.1,21.1,25.8,0.0,46.5,,Anopolepis,,,,30,,,,Anoplolepis,,,,
,18/03,D,20:15,21:15,DRIE2,26.2,43.8,0.4,Clear,A5.2,18/03_DRIE2_D_A5.2,21.1,25.8,0.0,46.5,,Anopolepis,,,,20,,,,Anoplolepis,,,,
,18/03,D,20:15,21:15,DRIE2,26.2,43.8,0.4,Clear,B1.1,18/03_DRIE2_D_B1.1,20.1,27.3,0.0,41.9,,Camponotus,Anopolepis,,,3,3,,,Camponotus simulans,Anoplolepis,,,
,18/03,D,20:15,21:15,DRIE2,26.2,43.8,0.4,Clear,B1.2,18/03_DRIE2_D_B1.2,20.1,27.3,0.0,41.9,,Anopolepis,,,,30,,,,Anoplolepis,,,,
,18/03,D,20:15,21:15,DRIE2,26.2,43.8,0.4,Clear,B2.1,18/03_DRIE2_D_B2.1,20.5,26.8,0.0,45.9,,Anopolepis,,,,5,,,,Anoplolepis,,,,
,18/03,D,20:15,21:15,DRIE2,26.2,43.8,0.4,Clear,B2.2,18/03_DRIE2_D_B2.2,20.5,26.8,0.0,45.9,,Anopolepis,,,,30,,,,Anoplolepis,,,,
,18/03,D,20:15,21:15,DRIE2,26.2,43.8,0.4,Clear,B3.1,18/03_DRIE2_D_B3.1,22.7,26.3,0.0,46.2,,,,,,,,,,,,,,
,18/03,D,20:15,21:15,DRIE2,26.2,43.8,0.4,Clear,B3.2,18/03_DRIE2_D_B3.2,22.7,26.3,0.0,46.2,,Anopolepis,,,,40,,,,Anoplolepis,,,,
,18/03,D,20:15,21:15,DRIE2,26.2,43.8,0.4,Clear,B4.1,18/03_DRIE2_D_B4.1,23.7,24.9,0.0,46.2,,Solenopsis,,,,1,,,,Nesomyrmex cf. ezantsi,,,,
,18/03,D,20:15,21:15,DRIE2,26.2,43.8,0.4,Clear,B4.2,18/03_DRIE2_D_B4.2,23.7,24.9,0.0,46.2,,,,,,,,,,,,,,
,18/03,D,20:15,21:15,DRIE2,26.2,43.8,0.4,Clear,B5.1,18/03_DRIE2_D_B5.1,24.9,26.7,0.0,47.8,,Anopolepis ,,,,50,,,,Anoplolepis,,,,
,18/03,D,20:15,21:15,DRIE2,26.2,43.8,0.4,Clear,B5.2,18/03_DRIE2_D_B5.2,24.9,26.7,0.0,47.8,,Lepisiota,,,,5,,,,Lepisiota cf. capensis,,,,
,18/03,D,20:15,21:15,DRIE2,26.2,43.8,0.4,Clear,C1.1,18/03_DRIE2_D_C1.1,22.5,26.9,0.0,47.2,,Anopolepis ,,,,20,,,,Anoplolepis,,,,
,18/03,D,20:15,21:15,DRIE2,26.2,43.8,0.4,Clear,C1.2,18/03_DRIE2_D_C1.2,22.5,26.9,0.0,47.2,,Anopolepis ,,,,2,,,,Anoplolepis,,,,
,18/03,D,20:15,21:15,DRIE2,26.2,43.8,0.4,Clear,C2.1,18/03_DRIE2_D_C2.1,22.6,25.6,0.0,46.9,,Anopolepis ,,,,10,,,,Anoplolepis,,,,
,18/03,D,20:15,21:15,DRIE2,26.2,43.8,0.4,Clear,C2.2,18/03_DRIE2_D_C2.2,22.6,25.6,0.0,46.9,,,,,,,,,,,,,,
,18/03,D,20:15,21:15,DRIE2,26.2,43.8,0.4,Clear,C3.1,18/03_DRIE2_D_C3.1,22.2,26.4,0.0,46.2,,,,,,,,,,,,,,
,18/03,D,20:15,21:15,DRIE2,26.2,43.8,0.4,Clear,C3.2,18/03_DRIE2_D_C3.2,22.2,26.4,0.0,46.2,,,,,,,,,,,,,,
,18/03,D,20:15,21:15,DRIE2,26.2,43.8,0.4,Clear,C4.1,18/03_DRIE2_D_C4.1,22.6,25.9,0.0,46.5,,Camponotus,Solenopsis ,,,2,4,,,Camponotus sp.7,Monomorium sp.7,,,
,18/03,D,20:15,21:15,DRIE2,26.2,43.8,0.4,Clear,C4.2,18/03_DRIE2_D_C4.2,22.6,25.9,0.0,46.5,,Crematogaster ,Solenopsis ,,,20,1,,,Crematogaster sp.5,Monomorium sp.7,,,
,18/03,D,20:15,21:15,DRIE2,26.2,43.8,0.4,Clear,C5.1,18/03_DRIE2_D_C5.1,24.0,24.2,0.0,47.1,,Crematogaster ,Lepisiota,?,,50,1,1,,Crematogaster sp.5,Lepisiota cf. capensis,Monomorium sp.3,,
,18/03,D,20:15,21:15,DRIE2,26.2,43.8,0.4,Clear,C5.2,18/03_DRIE2_D_C5.2,24.0,24.2,0.0,47.1,,Solenopsis,Crematogaster,,,2,5,,,Monomorium sp.7,Crematogaster sp.5,,,
,18/03,D,20:15,21:15,DRIE2,26.2,43.8,0.4,Clear,D1.1,18/03_DRIE2_D_D1.1,34.4,26.2,0.0,44.1,,Camponotus,Lepisiota,Solenopsis,,1,1,3,,Camponotus mystaceus,Lepisiota cf. capensis,Monomorium sp.7,,
,18/03,D,20:15,21:15,DRIE2,26.2,43.8,0.4,Clear,D1.2,18/03_DRIE2_D_D1.2,34.4,26.2,0.0,44.1,,Camponotus,Lepisiota,,,5,10,,,Camponotus mystaceus,Lepisiota cf. capensis,,,
,18/03,D,20:15,21:15,DRIE2,26.2,43.8,0.4,Clear,D2.1,18/03_DRIE2_D_D2.1,22.6,25.7,0.0,45.2,,Anopolepis,,,,50,,,,Anoplolepis,,,,
,18/03,D,20:15,21:15,DRIE2,26.2,43.8,0.4,Clear,D2.2,18/03_DRIE2_D_D2.2,22.6,25.7,0.0,45.2,,,,,,,,,,,,,,
,18/03,D,20:15,21:15,DRIE2,26.2,43.8,0.4,Clear,D3.1,18/03_DRIE2_D_D3.1,25.0,26.7,0.0,44.7,,,,,,,,,,,,,,
,18/03,D,20:15,21:15,DRIE2,26.2,43.8,0.4,Clear,D3.2,18/03_DRIE2_D_D3.2,25.0,26.7,0.0,44.7,,,,,,,,,,,,,,
,18/03,D,20:15,21:15,DRIE2,26.2,43.8,0.4,Clear,D4.1,18/03_DRIE2_D_D4.1,22.1,27.2,0.0,45.8,,Camponotus,Pheidole,,,1,20,,,Camponotus cf. maculatus,Pheidole sp.4,,,
,18/03,D,20:15,21:15,DRIE2,26.2,43.8,0.4,Clear,D4.2,18/03_DRIE2_D_D4.2,22.1,27.2,0.0,45.8,,Crematogaster,,,,2,,,,Crematogaster sp.5,,,,
,18/03,D,20:15,21:15,DRIE2,26.2,43.8,0.4,Clear,D5.1,18/03_DRIE2_D_D5.1,25.2,26.1,0.0,42.5,,Pheidole,,,,30,,,,Pheidole sp.4,,,,
,18/03,D,20:15,21:15,DRIE2,26.2,43.8,0.4,Clear,D5.2,18/03_DRIE2_D_D5.2,25.2,26.1,0.0,42.5,,Pheidole,,,,60,,,,Pheidole sp.4,,,,
,18/03,D,20:15,21:15,DRIE2,26.2,43.8,0.4,Clear,E1.1,18/03_DRIE2_D_E1.1,24.7,27.1,0.0,43.5,,Lepisiota ,,,,20,,,,Lepisiota cf. capensis,,,,
,18/03,D,20:15,21:15,DRIE2,26.2,43.8,0.4,Clear,E1.2,18/03_DRIE2_D_E1.2,24.7,27.1,0.0,43.5,,Solenopsis,,,,2,,,,Nesomyrmex cf. ezantsi,,,,
,18/03,D,20:15,21:15,DRIE2,26.2,43.8,0.4,Clear,E2.1,18/03_DRIE2_D_E2.1,27.8,27.9,0.0,41.2,,Pheidole,,,,200,,,,Pheidole sp.4,,,,
,18/03,D,20:15,21:15,DRIE2,26.2,43.8,0.4,Clear,E2.2,18/03_DRIE2_D_E2.2,27.8,27.9,0.0,41.2,,Pheidole,,,,200,,,,Pheidole sp.4,,,,
,18/03,D,20:15,21:15,DRIE2,26.2,43.8,0.4,Clear,E3.1,18/03_DRIE2_D_E3.1,20.7,22.1,0.0,42.8,,Camponotus,Solenopsis,,,15,1,1,,Camponotus mystaceus,Monomorium sp.7,Nesomyrmex cf. ezantsi,,
,18/03,D,20:15,21:15,DRIE2,26.2,43.8,0.4,Clear,E3.2,18/03_DRIE2_D_E3.2,20.7,22.1,0.0,42.8,,Camponotus,Solenopsis,,,5,1,,,Camponotus mystaceus,Monomorium sp.7,,,
,18/03,D,20:15,21:15,DRIE2,26.2,43.8,0.4,Clear,E4.1,18/03_DRIE2_D_E4.1,21.9,23.2,0.0,41.2,,Camponotus,Lepisiota ,,,2,1,,,Camponotus mystaceus,Lepisiota cf. capensis,,,
,18/03,D,20:15,21:15,DRIE2,26.2,43.8,0.4,Clear,E4.2,18/03_DRIE2_D_E4.2,21.9,23.2,0.0,41.2,,Camponotus,,,,1,,,,Camponotus mystaceus,,,,
,18/03,D,20:15,21:15,DRIE2,26.2,43.8,0.4,Clear,E5.1,18/03_DRIE2_D_E5.1,20.7,22.5,0.0,42.3,,Camponotus,Pheidole,,,2,5,,,Camponotus mystaceus,Pheidole sp.4,,,
,18/03,D,20:15,21:15,DRIE2,26.2,43.8,0.4,Clear,E5.2,18/03_DRIE2_D_E5.2,20.7,22.5,0.0,42.3,,Camponotus,,,,5,,,,Camponotus mystaceus,,,,
,,,,,,,,,,,,,,,,,,,,,,,,,,,,,
,19/03,M ,07:40,08:40,DRIE2,23.3,58.3,0.4,Clear,A1.1,19/03_DRIE2_M _A1.1,26.6,25.6,0.4,52.9,,Anopolepis,,,,10,,,,Anoplolepis,,,,
,19/03,M ,07:40,08:40,DRIE2,23.3,58.3,0.4,Clear,A1.2,19/03_DRIE2_M _A1.2,26.6,25.6,0.4,52.9,,Anopolepis,,,,10,,,,Anoplolepis,,,,
,19/03,M ,07:40,08:40,DRIE2,23.3,58.3,0.4,Clear,A2.1,19/03_DRIE2_M _A2.1,26.4,25.2,0.0,51.7,,Anopolepis,,,,5,,,,Anoplolepis,,,,
,19/03,M ,07:40,08:40,DRIE2,23.3,58.3,0.4,Clear,A2.2,19/03_DRIE2_M _A2.2,26.4,25.2,0.0,51.7,,Anopolepis,,,,20,,,,Anoplolepis,,,,
,19/03,M ,07:40,08:40,DRIE2,23.3,58.3,0.4,Clear,A3.1,19/03_DRIE2_M _A3.1,17.1,28.2,0.4,54.2,,Lepisiota,,,,10,,,,Lepisiota cf. capensis,,,,
,19/03,M ,07:40,08:40,DRIE2,23.3,58.3,0.4,Clear,A3.2,19/03_DRIE2_M _A3.2,17.1,28.2,0.4,54.2,,,,,,,,,,Lepisiota cf. capensis,,,,
,19/03,M ,07:40,08:40,DRIE2,23.3,58.3,0.4,Clear,A4.1,19/03_DRIE2_M _A4.1,21.1,27.1,0.0,52.7,,Anopolepis,Solenopsis,Lepisiota,,1,1,1,,Anoplolepis,Monomorium sp.7,Lepisiota cf. capensis,Tetramorium sericeiventre,Camponotus vestitus
,19/03,M ,07:40,08:40,DRIE2,23.3,58.3,0.4,Clear,A4.2,19/03_DRIE2_M _A4.2,21.1,27.1,0.0,52.7,,Camponotus ,Tetramorium,,,1,10,,,,,,,
,19/03,M ,07:40,08:40,DRIE2,23.3,58.3,0.4,Clear,A5.1,19/03_DRIE2_M _A5.1,20.2,29.1,0.0,52.7,,Lepisiota,,,,4,,,,,,,,
,19/03,M ,07:40,08:40,DRIE2,23.3,58.3,0.4,Clear,A5.2,19/03_DRIE2_M _A5.2,20.2,29.1,0.0,52.7,,,,,,,,,,,,,,
,19/03,M ,07:40,08:40,DRIE2,23.3,58.3,0.4,Clear,B1.1,19/03_DRIE2_M _B1.1,26.2,31.0,0.0,46.4,,,,,,,,,,,,,,
,19/03,M ,07:40,08:40,DRIE2,23.3,58.3,0.4,Clear,B1.2,19/03_DRIE2_M _B1.2,26.2,31.0,0.0,46.4,,Anopolepis,,,,5,,,,,,,,
,19/03,M ,07:40,08:40,DRIE2,23.3,58.3,0.4,Clear,B2.1,19/03_DRIE2_M _B2.1,26.7,30.4,0.4,45.2,,,,,,,,,,,,,,
,19/03,M ,07:40,08:40,DRIE2,23.3,58.3,0.4,Clear,B2.2,19/03_DRIE2_M _B2.2,26.7,30.4,0.4,45.2,,Tetramorium,,,,30,,,,,,,,
,19/03,M ,07:40,08:40,DRIE2,23.3,58.3,0.4,Clear,B3.1,19/03_DRIE2_M _B3.1,16.8,31.7,0.0,47.5,,Camponotus,Lepisiota,,,1,4,,,,,,,
,19/03,M ,07:40,08:40,DRIE2,23.3,58.3,0.4,Clear,B3.2,19/03_DRIE2_M _B3.2,16.8,31.7,0.0,47.5,,Camponotus,Lepisiota,,,1,5,,,,,,,
,19/03,M ,07:40,08:40,DRIE2,23.3,58.3,0.4,Clear,B4.1,19/03_DRIE2_M _B4.1,25.2,29.4,0.0,47.1,,Tetramorium,,,,2,,,,,,,,
,19/03,M ,07:40,08:40,DRIE2,23.3,58.3,0.4,Clear,B4.2,19/03_DRIE2_M _B4.2,25.2,29.4,0.0,47.1,,Tetramorium,,,,1,,,,,,,,
,19/03,M ,07:40,08:40,DRIE2,23.3,58.3,0.4,Clear,B5.1,19/03_DRIE2_M _B5.1,23.8,30.9,0.0,48.9,,Lepisiota,,,,1,,,,,,,,
,19/03,M ,07:40,08:40,DRIE2,23.3,58.3,0.4,Clear,B5.2,19/03_DRIE2_M _B5.2,23.8,30.9,0.0,48.9,,Lepisiota,,,,30,,,,,,,,
,19/03,M ,07:40,08:40,DRIE2,23.3,58.3,0.4,Clear,C1.1,19/03_DRIE2_M _C1.1,18.3,36.1,0.0,51.6,,Monomorium,Lepisiota,,,10,2,,,,,,,
,19/03,M ,07:40,08:40,DRIE2,23.3,58.3,0.4,Clear,C1.2,19/03_DRIE2_M _C1.2,18.3,36.1,0.0,51.6,,Camponotus,Monomorium (Tiny),Monomorium (Bigger),,20,10,5,,,,,,
,19/03,M ,07:40,08:40,DRIE2,23.3,58.3,0.4,Clear,C2.1,19/03_DRIE2_M _C2.1,24.9,35.0,0.0,55.1,,Tetramorium,Camponotus,,,1,2,,,,,,,
,19/03,M ,07:40,08:40,DRIE2,23.3,58.3,0.4,Clear,C2.2,19/03_DRIE2_M _C2.2,24.9,35.0,0.0,55.1,,Camponotus,Solenopsis,Tetramorium,,20,10,5,,,,,,
,19/03,M ,07:40,08:40,DRIE2,23.3,58.3,0.4,Clear,C3.1,19/03_DRIE2_M _C3.1,35.3,35.2,0.0,54.6,,Tetramorium,Lepisiota,,,20,1,,,,,,,
,19/03,M ,07:40,08:40,DRIE2,23.3,58.3,0.4,Clear,C3.2,19/03_DRIE2_M _C3.2,35.3,35.2,0.0,54.6,,Tetramorium,Lepisiota,,,10,2,,,,,,,
,19/03,M ,07:40,08:40,DRIE2,23.3,58.3,0.4,Clear,C4.1,19/03_DRIE2_M _C4.1,33.6,34.2,0.0,54.2,,Camponotus,,,,1,,,,,,,,
,19/03,M ,07:40,08:40,DRIE2,23.3,58.3,0.4,Clear,C4.2,19/03_DRIE2_M _C4.2,33.6,34.2,0.0,54.2,,Tetramorium,Solenopsis,,,4,5,,,,,,,
,19/03,M ,07:40,08:40,DRIE2,23.3,58.3,0.4,Clear,C5.1,19/03_DRIE2_M _C5.1,35.5,33.6,0.4,55.2,,Solenopsis,Lepisiota,,,5,1,,,,,,,
,19/03,M ,07:40,08:40,DRIE2,23.3,58.3,0.4,Clear,C5.2,19/03_DRIE2_M _C5.2,35.5,33.6,0.4,55.2,,Solenopsis,Tetramorium,,,1,3,,,,,,,
,19/03,M ,07:40,08:40,DRIE2,23.3,58.3,0.4,Clear,D1.1,19/03_DRIE2_M _D1.1,26.4,32.1,0.0,48.2,,Tetramorium,Lepisiota,,,40,1,,,,,,,
,19/03,M ,07:40,08:40,DRIE2,23.3,58.3,0.4,Clear,D1.2,19/03_DRIE2_M _D1.2,26.4,32.1,0.0,48.2,,Tetramorium,,,,2,,,,,,,,
,19/03,M ,07:40,08:40,DRIE2,23.3,58.3,0.4,Clear,D2.1,19/03_DRIE2_M _D2.1,41.1,34.0,0.3,50.2,,Anopolepis ,,,,20,,,,,,,,
,19/03,M ,07:40,08:40,DRIE2,23.3,58.3,0.4,Clear,D2.2,19/03_DRIE2_M _D2.2,41.1,34.0,0.3,50.2,,Anopolepis ,,,,20,,,,,,,,
,19/03,M ,07:40,08:40,DRIE2,23.3,58.3,0.4,Clear,D3.1,19/03_DRIE2_M _D3.1,25.5,34.9,0.0,63.0,,Anopolepis ,,,,30,,,,,,,,
,19/03,M ,07:40,08:40,DRIE2,23.3,58.3,0.4,Clear,D3.2,19/03_DRIE2_M _D3.2,25.5,34.9,0.0,63.0,,Anopolepis ,,,,40,,,,,,,,
,19/03,M ,07:40,08:40,DRIE2,23.3,58.3,0.4,Clear,D4.1,19/03_DRIE2_M _D4.1,23.6,34.3,0.0,46.4,,Tetramorium,,,,10,,,,,,,,
,19/03,M ,07:40,08:40,DRIE2,23.3,58.3,0.4,Clear,D4.2,19/03_DRIE2_M _D4.2,23.6,34.3,0.0,46.4,,Monomorium,,,,20,,,,,,,,
,19/03,M ,07:40,08:40,DRIE2,23.3,58.3,0.4,Clear,D5.1,19/03_DRIE2_M _D5.1,20.7,22.5,0.0,56.2,,Pheidole,,,,70,,,,,,,,
,19/03,M ,07:40,08:40,DRIE2,23.3,58.3,0.4,Clear,D5.2,19/03_DRIE2_M _D5.2,20.7,22.5,0.0,56.2,,Pheidole,,,,50,,,,,,,,
,19/03,M ,07:40,08:40,DRIE2,23.3,58.3,0.4,Clear,E1.1,19/03_DRIE2_M _E1.1,46.7,35.8,0.0,45.5,,Tetramorium,,,,40,,,,,,,,
,19/03,M ,07:40,08:40,DRIE2,23.3,58.3,0.4,Clear,E1.2,19/03_DRIE2_M _E1.2,46.7,35.8,0.0,45.5,,Tetramorium,,,,2,,,,,,,,
,19/03,M ,07:40,08:40,DRIE2,23.3,58.3,0.4,Clear,E2.1,19/03_DRIE2_M _E2.1,25.6,35.7,0.0,44.8,,Pheidole,,,,20,,,,,,,,
,19/03,M ,07:40,08:40,DRIE2,23.3,58.3,0.4,Clear,E2.2,19/03_DRIE2_M _E2.2,25.6,35.7,0.0,44.8,,Lepisiota,,,,10,,,,,,,,
,19/03,M ,07:40,08:40,DRIE2,23.3,58.3,0.4,Clear,E3.1,19/03_DRIE2_M _E3.1,39.7,32.1,1.2,47.9,,Tetramorium,,,,30,,,,,,,,
,19/03,M ,07:40,08:40,DRIE2,23.3,58.3,0.4,Clear,E3.2,19/03_DRIE2_M _E3.2,39.7,32.1,1.2,47.9,,,,,,,,,,,,,,
,19/03,M ,07:40,08:40,DRIE2,23.3,58.3,0.4,Clear,E4.1,19/03_DRIE2_M _E4.1,37.7,33.4,0.6,46.2,,Lepisiota,,,,2,,,,,,,,
,19/03,M ,07:40,08:40,DRIE2,23.3,58.3,0.4,Clear,E4.2,19/03_DRIE2_M _E4.2,37.7,33.4,0.6,46.2,,Lepisiota,Tetramorium,,,5,1,,,,,,,
,19/03,M ,07:40,08:40,DRIE2,23.3,58.3,0.4,Clear,E5.1,19/03_DRIE2_M _E5.1,31.6,34.8,0.5,48.6,,Tetramorium,,,,20,,,,,,,,
,19/03,M ,07:40,08:40,DRIE2,23.3,58.3,0.4,Clear,E5.2,19/03_DRIE2_M _E5.2,31.6,34.8,0.5,48.6,,Tetramorium,,,,1,,,,,,,,
,,,,,,,,,,,,,,,,,,,,,,,,,,,,,
,19/03,N,12:00,13:00,DRIE1,33.0,51.0,3.8,<50% Cloud cover,A1.1,19/03_DRIE1_N_A1.1,47.0,37.7,0.7,49.2,,,,,,,,,,,,,,
,19/03,N,12:00,13:00,DRIE1,33.0,51.0,3.8,<50% Cloud cover,A1.2,19/03_DRIE1_N_A1.2,47.0,37.7,0.7,49.2,,,,,,,,,,,,,,
,19/03,N,12:00,13:00,DRIE1,33.0,51.0,3.8,<50% Cloud cover,A2.1,19/03_DRIE1_N_A2.1,59.3,36.7,1.0,53.1,,,,,,,,,,,,,,
,19/03,N,12:00,13:00,DRIE1,33.0,51.0,3.8,<50% Cloud cover,A2.2,19/03_DRIE1_N_A2.2,59.3,36.7,1.0,53.1,,,,,,,,,,,,,,
,19/03,N,12:00,13:00,DRIE1,33.0,51.0,3.8,<50% Cloud cover,A3.1,19/03_DRIE1_N_A3.1,55.6,39.3,0.0,46.1,,Ocymyrmex,,,,2,,,,,,,,
,19/03,N,12:00,13:00,DRIE1,33.0,51.0,3.8,<50% Cloud cover,A3.2,19/03_DRIE1_N_A3.2,55.6,39.3,0.0,46.1,,Ocymyrmex,,,,2,,,,,,,,
,19/03,N,12:00,13:00,DRIE1,33.0,51.0,3.8,<50% Cloud cover,A4.1,19/03_DRIE1_N_A4.1,57.1,40.2,0.5,42.1,,,,,,,,,,,,,,
,19/03,N,12:00,13:00,DRIE1,33.0,51.0,3.8,<50% Cloud cover,A4.2,19/03_DRIE1_N_A4.2,57.1,40.2,0.5,42.1,,,,,,,,,,,,,,
,19/03,N,12:00,13:00,DRIE1,33.0,51.0,3.8,<50% Cloud cover,A5.1,19/03_DRIE1_N_A5.1,58.2,39.4,0.8,50.3,,Ocymyrmex,,,,1,,,,,,,,
,19/03,N,12:00,13:00,DRIE1,33.0,51.0,3.8,<50% Cloud cover,A5.2,19/03_DRIE1_N_A5.2,58.2,39.4,0.8,50.3,,,,,,,,,,,,,,
,19/03,N,12:00,13:00,DRIE1,33.0,51.0,3.8,<50% Cloud cover,B1.1,19/03_DRIE1_N_B1.1,52.6,42.2,0.0,46.9,,,,,,,,,,,,,,
,19/03,N,12:00,13:00,DRIE1,33.0,51.0,3.8,<50% Cloud cover,B1.2,19/03_DRIE1_N_B1.2,52.6,42.2,0.0,46.9,,,,,,,,,,,,,,
,19/03,N,12:00,13:00,DRIE1,33.0,51.0,3.8,<50% Cloud cover,B2.1,19/03_DRIE1_N_B2.1,39.8,37.5,0.0,45.6,,,,,,,,,,,,,,
,19/03,N,12:00,13:00,DRIE1,33.0,51.0,3.8,<50% Cloud cover,B2.2,19/03_DRIE1_N_B2.2,39.8,37.5,0.0,45.6,,,,,,,,,,,,,,
,19/03,N,12:00,13:00,DRIE1,33.0,51.0,3.8,<50% Cloud cover,B3.1,19/03_DRIE1_N_B3.1,44.3,40.3,0.4,43.1,,,,,,,,,,,,,,
,19/03,N,12:00,13:00,DRIE1,33.0,51.0,3.8,<50% Cloud cover,B3.2,19/03_DRIE1_N_B3.2,44.3,40.3,0.4,43.1,,,,,,,,,,,,,,
,19/03,N,12:00,13:00,DRIE1,33.0,51.0,3.8,<50% Cloud cover,B4.1,19/03_DRIE1_N_B4.1,37.7,38.6,0.4,47.2,,Ocymyrmex,,,,2,,,,,,,,
,19/03,N,12:00,13:00,DRIE1,33.0,51.0,3.8,<50% Cloud cover,B4.2,19/03_DRIE1_N_B4.2,37.7,38.6,0.4,47.2,,,,,,,,,,,,,,
,19/03,N,12:00,13:00,DRIE1,33.0,51.0,3.8,<50% Cloud cover,B5.1,19/03_DRIE1_N_B5.1,52.0,39.7,0.0,43.3,,,,,,,,,,,,,,
,19/03,N,12:00,13:00,DRIE1,33.0,51.0,3.8,<50% Cloud cover,B5.2,19/03_DRIE1_N_B5.2,52.0,39.7,0.0,43.3,,,,,,,,,,,,,,
,19/03,N,12:00,13:00,DRIE1,33.0,51.0,3.8,<50% Cloud cover,C1.1,19/03_DRIE1_N_C1.1,61.8,39.9,0.3,43.2,,,,,,,,,,,,,,
,19/03,N,12:00,13:00,DRIE1,33.0,51.0,3.8,<50% Cloud cover,C1.2,19/03_DRIE1_N_C1.2,61.8,39.9,0.3,43.2,,,,,,,,,,,,,,
,19/03,N,12:00,13:00,DRIE1,33.0,51.0,3.8,<50% Cloud cover,C2.1,19/03_DRIE1_N_C2.1,57.1,40.6,0.0,45.7,,Ocymyrmex,,,,1,,,,,,,,
,19/03,N,12:00,13:00,DRIE1,33.0,51.0,3.8,<50% Cloud cover,C2.2,19/03_DRIE1_N_C2.2,57.1,40.6,0.0,45.7,,Ocymyrmex,,,,2,,,,,,,,
,19/03,N,12:00,13:00,DRIE1,33.0,51.0,3.8,<50% Cloud cover,C3.1,19/03_DRIE1_N_C3.1,46.8,38.6,0.6,47.2,,Ocymyrmex,,,,4,,,,,,,,
,19/03,N,12:00,13:00,DRIE1,33.0,51.0,3.8,<50% Cloud cover,C3.2,19/03_DRIE1_N_C3.2,46.8,38.6,0.6,47.2,,Ocymyrmex,,,,1,,,,,,,,
,19/03,N,12:00,13:00,DRIE1,33.0,51.0,3.8,<50% Cloud cover,C4.1,19/03_DRIE1_N_C4.1,54.4,39.6,0.0,42.5,,Ocymyrmex,,,,3,,,,,,,,
,19/03,N,12:00,13:00,DRIE1,33.0,51.0,3.8,<50% Cloud cover,C4.2,19/03_DRIE1_N_C4.2,54.4,39.6,0.0,42.5,,,,,,,,,,,,,,
,19/03,N,12:00,13:00,DRIE1,33.0,51.0,3.8,<50% Cloud cover,C5.1,19/03_DRIE1_N_C5.1,52.6,41.2,0.4,21.8,,,,,,,,,,,,,,
,19/03,N,12:00,13:00,DRIE1,33.0,51.0,3.8,<50% Cloud cover,C5.2,19/03_DRIE1_N_C5.2,52.6,41.2,0.4,21.8,,,,,,,,,,,,,,
,19/03,N,12:00,13:00,DRIE1,33.0,51.0,3.8,<50% Cloud cover,D1.1,19/03_DRIE1_N_D1.1,45.5,39.1,0.3,59.6,,,,,,,,,,,,,,
,19/03,N,12:00,13:00,DRIE1,33.0,51.0,3.8,<50% Cloud cover,D1.2,19/03_DRIE1_N_D1.2,45.5,39.1,0.3,59.6,,,,,,,,,,,,,,
,19/03,N,12:00,13:00,DRIE1,33.0,51.0,3.8,<50% Cloud cover,D2.1,19/03_DRIE1_N_D2.1,46.7,39.3,0.3,62.0,,,,,,,,,,,,,,
,19/03,N,12:00,13:00,DRIE1,33.0,51.0,3.8,<50% Cloud cover,D2.2,19/03_DRIE1_N_D2.2,46.7,39.3,0.3,62.0,,,,,,,,,,,,,,
,19/03,N,12:00,13:00,DRIE1,33.0,51.0,3.8,<50% Cloud cover,D3.1,19/03_DRIE1_N_D3.1,70.5,41.7,0.4,56.4,,Ocymyrmex,,,,5,,,,,,,,
,19/03,N,12:00,13:00,DRIE1,33.0,51.0,3.8,<50% Cloud cover,D3.2,19/03_DRIE1_N_D3.2,70.5,41.7,0.4,56.4,,,,,,,,,,,,,,
,19/03,N,12:00,13:00,DRIE1,33.0,51.0,3.8,<50% Cloud cover,D4.1,19/03_DRIE1_N_D4.1,59.8,40.2,0.0,60.9,,,,,,,,,,,,,,
,19/03,N,12:00,13:00,DRIE1,33.0,51.0,3.8,<50% Cloud cover,D4.2,19/03_DRIE1_N_D4.2,59.8,40.2,0.0,60.9,,,,,,,,,,,,,,
,19/03,N,12:00,13:00,DRIE1,33.0,51.0,3.8,<50% Cloud cover,D5.1,19/03_DRIE1_N_D5.1,47.2,39.8,0.4,53.9,,Ocymyrmex,,,,3,,,,,,,,
,19/03,N,12:00,13:00,DRIE1,33.0,51.0,3.8,<50% Cloud cover,D5.2,19/03_DRIE1_N_D5.2,47.2,39.8,0.4,53.9,,,,,,,,,,,,,,
,19/03,N,12:00,13:00,DRIE1,33.0,51.0,3.8,<50% Cloud cover,E1.1,19/03_DRIE1_N_E1.1,56.1,39.3,4.0,41.0,,Ocymyrmex,,,,2,,,,,,,,
,19/03,N,12:00,13:00,DRIE1,33.0,51.0,3.8,<50% Cloud cover,E1.2,19/03_DRIE1_N_E1.2,56.1,39.3,4.0,41.0,,,,,,,,,,,,,,
,19/03,N,12:00,13:00,DRIE1,33.0,51.0,3.8,<50% Cloud cover,E2.1,19/03_DRIE1_N_E2.1,49.8,40.9,0.7,38.1,,Ocymyrmex,,,,1,,,,,,,,
,19/03,N,12:00,13:00,DRIE1,33.0,51.0,3.8,<50% Cloud cover,E2.2,19/03_DRIE1_N_E2.2,49.8,40.9,0.7,38.1,,Ocymyrmex,,,,2,,,,,,,,
,19/03,N,12:00,13:00,DRIE1,33.0,51.0,3.8,<50% Cloud cover,E3.1,19/03_DRIE1_N_E3.1,57.0,41.1,0.4,46.5,,,,,,,,,,,,,,
,19/03,N,12:00,13:00,DRIE1,33.0,51.0,3.8,<50% Cloud cover,E3.2,19/03_DRIE1_N_E3.2,57.0,41.1,0.4,46.5,,,,,,,,,,,,,,
,19/03,N,12:00,13:00,DRIE1,33.0,51.0,3.8,<50% Cloud cover,E4.1,19/03_DRIE1_N_E4.1,60.7,43.6,0.0,38.1,,Ocymyrmex,,,,2,,,,,,,,
,19/03,N,12:00,13:00,DRIE1,33.0,51.0,3.8,<50% Cloud cover,E4.2,19/03_DRIE1_N_E4.2,60.7,43.6,0.0,38.1,,,,,,,,,,,,,,
,19/03,N,12:00,13:00,DRIE1,33.0,51.0,3.8,<50% Cloud cover,E5.1,19/03_DRIE1_N_E5.1,41.1,42.2,0.0,42.9,,Ocymyrmex,,,,5,,,,,,,,
,19/03,N,12:00,13:00,DRIE1,33.0,51.0,3.8,<50% Cloud cover,E5.2,19/03_DRIE1_N_E5.2,41.1,42.2,0.0,42.9,,,,,,,,,,,,,,
,,,,,,,,,,,,,,,,,,,,,,,,,,,,,
,19/03,E,16:41,17:41,DRIE4,33.9,43.5,1.5,<30% Cloud cover,A1.1,19/03_DRIE4_E_A1.1,35.8,31.8,0.0,48.0,,Tetramorium,Lepisiota,,,10,1,,,,,,,
,19/03,E,16:41,17:41,DRIE4,33.9,43.5,1.5,<30% Cloud cover,A1.2,19/03_DRIE4_E_A1.2,35.8,31.8,0.0,48.0,,Tetramorium,Lepisiota,,,10,10,,,,,,,
,19/03,E,16:41,17:41,DRIE4,33.9,43.5,1.5,<30% Cloud cover,A2.1,19/03_DRIE4_E_A2.1,35.7,31.1,0.8,48.6,,Tetramorium,,,,30,,,,,,,,
,19/03,E,16:41,17:41,DRIE4,33.9,43.5,1.5,<30% Cloud cover,A2.2,19/03_DRIE4_E_A2.2,35.7,31.1,0.8,48.6,,Tetramorium,,,,1,,,,,,,,
,19/03,E,16:41,17:41,DRIE4,33.9,43.5,1.5,<30% Cloud cover,A3.1,19/03_DRIE4_E_A3.1,38.6,31.7,0.0,48.2,,Tetramorium,,,,30,,,,,,,,
,19/03,E,16:41,17:41,DRIE4,33.9,43.5,1.5,<30% Cloud cover,A3.2,19/03_DRIE4_E_A3.2,38.6,31.7,0.0,48.2,,Tetramorium,,,,10,,,,,,,,
,19/03,E,16:41,17:41,DRIE4,33.9,43.5,1.5,<30% Cloud cover,A4.1,19/03_DRIE4_E_A4.1,35.8,31.4,0.0,46.8,,,,,,,,,,,,,,
,19/03,E,16:41,17:41,DRIE4,33.9,43.5,1.5,<30% Cloud cover,A4.2,19/03_DRIE4_E_A4.2,35.8,31.4,0.0,46.8,,,,,,,,,,,,,,
,19/03,E,16:41,17:41,DRIE4,33.9,43.5,1.5,<30% Cloud cover,A5.1,19/03_DRIE4_E_A5.1,35.4,31.1,0.0,47.2,,Anopolepis,,,,40,,,,,,,,
,19/03,E,16:41,17:41,DRIE4,33.9,43.5,1.5,<30% Cloud cover,A5.2,19/03_DRIE4_E_A5.2,35.4,31.1,0.0,47.2,,Anopolepis,,,,50,,,,,,,,
,19/03,E,16:41,17:41,DRIE4,33.9,43.5,1.5,<30% Cloud cover,B1.1,19/03_DRIE4_E_B1.1,33.9,30.0,0.0,47.0,,Camponotus,,,,4,,,,,,,,
,19/03,E,16:41,17:41,DRIE4,33.9,43.5,1.5,<30% Cloud cover,B1.2,19/03_DRIE4_E_B1.2,33.9,30.0,0.0,47.0,,Camponotus,Tetramorium,,,5,5,,,,,,,
,19/03,E,16:41,17:41,DRIE4,33.9,43.5,1.5,<30% Cloud cover,B2.1,19/03_DRIE4_E_B2.1,34.5,30.3,0.0,49.0,,Camponotus,Lepisiota,,,1,1,,,,,,,
,19/03,E,16:41,17:41,DRIE4,33.9,43.5,1.5,<30% Cloud cover,B2.2,19/03_DRIE4_E_B2.2,34.5,30.3,0.0,49.0,,Tetramorium,Camponotus,,,2,1,,,,,,,
,19/03,E,16:41,17:41,DRIE4,33.9,43.5,1.5,<30% Cloud cover,B3.1,19/03_DRIE4_E_B3.1,36.6,30.7,0.0,47.0,,Camponotus,Lepisiota,Tetramorium,Tetramorium,2,1,10,2,,,,,
,19/03,E,16:41,17:41,DRIE4,33.9,43.5,1.5,<30% Cloud cover,B3.2,19/03_DRIE4_E_B3.2,36.6,30.7,0.0,47.0,,Lepisiota,Tetramorium,,,20,10,,,,,,,
,19/03,E,16:41,17:41,DRIE4,33.9,43.5,1.5,<30% Cloud cover,B4.1,19/03_DRIE4_E_B4.1,35.6,31.0,0.0,46.9,,,,,,,,,,,,,,
,19/03,E,16:41,17:41,DRIE4,33.9,43.5,1.5,<30% Cloud cover,B4.2,19/03_DRIE4_E_B4.2,35.6,31.0,0.0,46.9,,,,,,,,,,,,,,
,19/03,E,16:41,17:41,DRIE4,33.9,43.5,1.5,<30% Cloud cover,B5.1,19/03_DRIE4_E_B5.1,36.0,31.1,0.0,46.9,,Anopolepis,,,,20,,,,,,,,
,19/03,E,16:41,17:41,DRIE4,33.9,43.5,1.5,<30% Cloud cover,B5.2,19/03_DRIE4_E_B5.2,36.0,31.1,0.0,46.9,,Anopolepis,,,,50,,,,,,,,
,19/03,E,16:41,17:41,DRIE4,33.9,43.5,1.5,<30% Cloud cover,C1.1,19/03_DRIE4_E_C1.1,32.2,29.7,0.0,48.1,,Anopolepis,,,,10,,,,,,,,
,19/03,E,16:41,17:41,DRIE4,33.9,43.5,1.5,<30% Cloud cover,C1.2,19/03_DRIE4_E_C1.2,32.2,29.7,0.0,48.1,,Anopolepis,,,,30,,,,,,,,
,19/03,E,16:41,17:41,DRIE4,33.9,43.5,1.5,<30% Cloud cover,C2.1,19/03_DRIE4_E_C2.1,33.3,29.4,0.0,48.0,,,,,,,,,,,,,,
,19/03,E,16:41,17:41,DRIE4,33.9,43.5,1.5,<30% Cloud cover,C2.2,19/03_DRIE4_E_C2.2,33.3,29.4,0.0,48.0,,,,,,,,,,,,,,
,19/03,E,16:41,17:41,DRIE4,33.9,43.5,1.5,<30% Cloud cover,C3.1,19/03_DRIE4_E_C3.1,32.8,29.4,0.0,48.6,,,,,,,,,,,,,,
,19/03,E,16:41,17:41,DRIE4,33.9,43.5,1.5,<30% Cloud cover,C3.2,19/03_DRIE4_E_C3.2,32.8,29.4,0.0,48.6,,,,,,,,,,,,,,
,19/03,E,16:41,17:41,DRIE4,33.9,43.5,1.5,<30% Cloud cover,C4.1,19/03_DRIE4_E_C4.1,32.4,29.2,0.0,48.7,,Camponotus ,,,,1,,,,,,,,
,19/03,E,16:41,17:41,DRIE4,33.9,43.5,1.5,<30% Cloud cover,C4.2,19/03_DRIE4_E_C4.2,32.4,29.2,0.0,48.7,,Anopolepis ,,,,10,,,,,,,,
,19/03,E,16:41,17:41,DRIE4,33.9,43.5,1.5,<30% Cloud cover,C5.1,19/03_DRIE4_E_C5.1,33.9,29.0,0.0,48.5,Bait missing,,,,,,,,,,,,,
,19/03,E,16:41,17:41,DRIE4,33.9,43.5,1.5,<30% Cloud cover,C5.2,19/03_DRIE4_E_C5.2,33.9,29.0,0.0,48.5,,,,,,,,,,,,,,
,19/03,E,16:41,17:41,DRIE4,33.9,43.5,1.5,<30% Cloud cover,D1.1,19/03_DRIE4_E_D1.1,29.5,28.2,0.0,50.1,,Camponotus,Tetramorium,,,6,3,,,,,,,
,19/03,E,16:41,17:41,DRIE4,33.9,43.5,1.5,<30% Cloud cover,D1.2,19/03_DRIE4_E_D1.2,29.5,28.2,0.0,50.1,,,,,,,,,,,,,,
,19/03,E,16:41,17:41,DRIE4,33.9,43.5,1.5,<30% Cloud cover,D2.1,19/03_DRIE4_E_D2.1,31.0,28.2,0.0,50.5,,Lepisiota,,,,20,,,,,,,,
,19/03,E,16:41,17:41,DRIE4,33.9,43.5,1.5,<30% Cloud cover,D2.2,19/03_DRIE4_E_D2.2,31.0,28.2,0.0,50.5,,,,,,,,,,,,,,
,19/03,E,16:41,17:41,DRIE4,33.9,43.5,1.5,<30% Cloud cover,D3.1,19/03_DRIE4_E_D3.1,31.8,28.5,0.0,50.0,Live samples - physiology ,Anopolepis,,,,50,,,,,,,,
,19/03,E,16:41,17:41,DRIE4,33.9,43.5,1.5,<30% Cloud cover,D3.2,19/03_DRIE4_E_D3.2,31.8,28.5,0.0,50.0,Live samples - physiology ,Anopolepis,,,,50,,,,,,,,
,19/03,E,16:41,17:41,DRIE4,33.9,43.5,1.5,<30% Cloud cover,D4.1,19/03_DRIE4_E_D4.1,33.6,28.6,0.0,49.9,,,,,,,,,,,,,,
,19/03,E,16:41,17:41,DRIE4,33.9,43.5,1.5,<30% Cloud cover,D4.2,19/03_DRIE4_E_D4.2,33.6,28.6,0.0,49.9,,,,,,,,,,,,,,
,19/03,E,16:41,17:41,DRIE4,33.9,43.5,1.5,<30% Cloud cover,D5.1,19/03_DRIE4_E_D5.1,32.7,29.0,0.0,49.1,,Lepisiota,Tetramorium,,,3,1,,,,,,,
,19/03,E,16:41,17:41,DRIE4,33.9,43.5,1.5,<30% Cloud cover,D5.2,19/03_DRIE4_E_D5.2,32.7,29.0,0.0,49.1,,Anopolepis,,,,30,,,,,,,,
,19/03,E,16:41,17:41,DRIE4,33.9,43.5,1.5,<30% Cloud cover,E1.1,19/03_DRIE4_E_E1.1,29.6,28.2,0.0,50.0,,,,,,,,,,,,,,
,19/03,E,16:41,17:41,DRIE4,33.9,43.5,1.5,<30% Cloud cover,E1.2,19/03_DRIE4_E_E1.2,29.6,28.2,0.0,50.0,,Lepisiota,,,,2,,,,,,,,
,19/03,E,16:41,17:41,DRIE4,33.9,43.5,1.5,<30% Cloud cover,E2.1,19/03_DRIE4_E_E2.1,28.3,28.0,0.0,50.3,,Pheidole,,,,10,,,,,,,,
,19/03,E,16:41,17:41,DRIE4,33.9,43.5,1.5,<30% Cloud cover,E2.2,19/03_DRIE4_E_E2.2,28.3,28.0,0.0,50.3,,Pheidole,,,,1,,,,,,,,
,19/03,E,16:41,17:41,DRIE4,33.9,43.5,1.5,<30% Cloud cover,E3.1,19/03_DRIE4_E_E3.1,30.3,28.2,0.0,50.0,,Anopolepis ,,,,30,,,,,,,,
,19/03,E,16:41,17:41,DRIE4,33.9,43.5,1.5,<30% Cloud cover,E3.2,19/03_DRIE4_E_E3.2,30.3,28.2,0.0,50.0,,Anopolepis ,,,,5,,,,,,,,
,19/03,E,16:41,17:41,DRIE4,33.9,43.5,1.5,<30% Cloud cover,E4.1,19/03_DRIE4_E_E4.1,30.5,28.3,0.0,49.0,,Anopolepis ,,,,30,,,,,,,,
,19/03,E,16:41,17:41,DRIE4,33.9,43.5,1.5,<30% Cloud cover,E4.2,19/03_DRIE4_E_E4.2,30.5,28.3,0.0,49.0,,Anopolepis ,,,,20,,,,,,,,
,19/03,E,16:41,17:41,DRIE4,33.9,43.5,1.5,<30% Cloud cover,E5.1,19/03_DRIE4_E_E5.1,29.3,28.0,0.0,49.2,,Anopolepis ,,,,40,,,,,,,,
,19/03,E,16:41,17:41,DRIE4,33.9,43.5,1.5,<30% Cloud cover,E5.2,19/03_DRIE4_E_E5.2,29.3,28.0,0.0,49.2,,Anopolepis ,,,,50,,,,,,,,
,,,,,,,,,,,,,,,,,,,,,,,,,,,,,
,19/03,D,20:15,21:15,DRIE3,25.5,54.1,0.0,Clear,A1.1,19/03_DRIE3_D_A1.1,25.3,26.6,0.0,50.0,,Anopolepis ,,,,20,,,,,,,,
,19/03,D,20:15,21:15,DRIE3,25.5,54.1,0.0,Clear,A1.2,19/03_DRIE3_D_A1.2,25.3,26.6,0.0,50.0,,Anopolepis ,,,,10,,,,,,,,
,19/03,D,20:15,21:15,DRIE3,25.5,54.1,0.0,Clear,A2.1,19/03_DRIE3_D_A2.1,24.2,26.5,0.0,51.5,,Anopolepis ,,,,20,,,,,,,,
,19/03,D,20:15,21:15,DRIE3,25.5,54.1,0.0,Clear,A2.2,19/03_DRIE3_D_A2.2,24.2,26.5,0.0,51.5,,Anopolepis ,,,,50,,,,,,,,
,19/03,D,20:15,21:15,DRIE3,25.5,54.1,0.0,Clear,A3.1,19/03_DRIE3_D_A3.1,23.4,25.2,0.0,56.7,Live sample - physiology,Pheidole,,,,50,,,,,,,,
,19/03,D,20:15,21:15,DRIE3,25.5,54.1,0.0,Clear,A3.2,19/03_DRIE3_D_A3.2,23.4,25.2,0.0,56.7,Live sample - physiology,Pheidole,,,,50,,,,,,,,
,19/03,D,20:15,21:15,DRIE3,25.5,54.1,0.0,Clear,A4.1,19/03_DRIE3_D_A4.1,23.6,26.4,0.0,51.4,,Anopolepis ,,,,50,,,,,,,,
,19/03,D,20:15,21:15,DRIE3,25.5,54.1,0.0,Clear,A4.2,19/03_DRIE3_D_A4.2,23.6,26.4,0.0,51.4,,Anopolepis ,,,,30,,,,,,,,
,19/03,D,20:15,21:15,DRIE3,25.5,54.1,0.0,Clear,A5.1,19/03_DRIE3_D_A5.1,23.2,26.3,0.0,55.4,,Anopolepis ,,,,20,,,,,,,,
,19/03,D,20:15,21:15,DRIE3,25.5,54.1,0.0,Clear,A5.2,19/03_DRIE3_D_A5.2,23.2,26.3,0.0,55.4,,Anopolepis ,,,,50,,,,,,,,
,19/03,D,20:15,21:15,DRIE3,25.5,54.1,0.0,Clear,B1.1,19/03_DRIE3_D_B1.1,23.2,27.0,0.0,54.1,,Anopolepis ,,,,50,,,,,,,,
,19/03,D,20:15,21:15,DRIE3,25.5,54.1,0.0,Clear,B1.2,19/03_DRIE3_D_B1.2,23.2,27.0,0.0,54.1,,Pheidole,,,,50,,,,,,,,
,19/03,D,20:15,21:15,DRIE3,25.5,54.1,0.0,Clear,B2.1,19/03_DRIE3_D_B2.1,24.0,25.7,0.0,52.6,,Anopolepis ,,,,50,,,,,,,,
,19/03,D,20:15,21:15,DRIE3,25.5,54.1,0.0,Clear,B2.2,19/03_DRIE3_D_B2.2,24.0,25.7,0.0,52.6,,Anopolepis ,,,,50,,,,,,,,
,19/03,D,20:15,21:15,DRIE3,25.5,54.1,0.0,Clear,B3.1,19/03_DRIE3_D_B3.1,22.3,26.3,0.0,52.6,Live sample- physiology,Anopolepis ,,,,50,,,,,,,,
,19/03,D,20:15,21:15,DRIE3,25.5,54.1,0.0,Clear,B3.2,19/03_DRIE3_D_B3.2,22.3,26.3,0.0,52.6,Live sample- physiology,Anopolepis ,,,,50,,,,,,,,
,19/03,D,20:15,21:15,DRIE3,25.5,54.1,0.0,Clear,B4.1,19/03_DRIE3_D_B4.1,23.6,26.0,0.0,53.4,,Anopolepis ,,,,20,,,,,,,,
,19/03,D,20:15,21:15,DRIE3,25.5,54.1,0.0,Clear,B4.2,19/03_DRIE3_D_B4.2,23.6,26.0,0.0,53.4,,Anopolepis ,,,,30,,,,,,,,
,19/03,D,20:15,21:15,DRIE3,25.5,54.1,0.0,Clear,B5.1,19/03_DRIE3_D_B5.1,23.0,26.2,0.0,55.5,,Anopolepis ,,,,20,,,,,,,,
,19/03,D,20:15,21:15,DRIE3,25.5,54.1,0.0,Clear,B5.2,19/03_DRIE3_D_B5.2,23.0,26.2,0.0,55.5,,Anopolepis ,,,,50,,,,,,,,
,19/03,D,20:15,21:15,DRIE3,25.5,54.1,0.0,Clear,C1.1,19/03_DRIE3_D_C1.1,22.7,26.4,0.0,53.6,,Anopolepis ,,,,30,,,,,,,,
,19/03,D,20:15,21:15,DRIE3,25.5,54.1,0.0,Clear,C1.2,19/03_DRIE3_D_C1.2,22.7,26.4,0.0,53.6,,Anopolepis ,,,,20,,,,,,,,
,19/03,D,20:15,21:15,DRIE3,25.5,54.1,0.0,Clear,C2.1,19/03_DRIE3_D_C2.1,22.2,26.3,0.0,51.9,,Anopolepis ,,,,40,,,,,,,,
,19/03,D,20:15,21:15,DRIE3,25.5,54.1,0.0,Clear,C2.2,19/03_DRIE3_D_C2.2,22.2,26.3,0.0,51.9,,Anopolepis ,,,,40,,,,,,,,
,19/03,D,20:15,21:15,DRIE3,25.5,54.1,0.0,Clear,C3.1,19/03_DRIE3_D_C3.1,23.0,26.6,0.0,52.4,,Anopolepis ,,,,30,,,,,,,,
,19/03,D,20:15,21:15,DRIE3,25.5,54.1,0.0,Clear,C3.2,19/03_DRIE3_D_C3.2,23.0,26.6,0.0,52.4,,Anopolepis ,,,,50,,,,,,,,
,19/03,D,20:15,21:15,DRIE3,25.5,54.1,0.0,Clear,C4.1,19/03_DRIE3_D_C4.1,22.9,26.7,0.0,57.8,,Anopolepis ,,,,50,,,,,,,,
,19/03,D,20:15,21:15,DRIE3,25.5,54.1,0.0,Clear,C4.2,19/03_DRIE3_D_C4.2,22.9,26.7,0.0,57.8,,Anopolepis ,,,,50,,,,,,,,
,19/03,D,20:15,21:15,DRIE3,25.5,54.1,0.0,Clear,C5.1,19/03_DRIE3_D_C5.1,21.6,26.4,0.0,56.2,,Anopolepis ,,,,15,,,,,,,,
,19/03,D,20:15,21:15,DRIE3,25.5,54.1,0.0,Clear,C5.2,19/03_DRIE3_D_C5.2,21.6,26.4,0.0,56.2,,Anopolepis ,,,,15,,,,,,,,
,19/03,D,20:15,21:15,DRIE3,25.5,54.1,0.0,Clear,D1.1,19/03_DRIE3_D_D1.1,20.7,26.9,0.0,50.1,,Anopolepis ,,,,50,,,,,,,,
,19/03,D,20:15,21:15,DRIE3,25.5,54.1,0.0,Clear,D1.2,19/03_DRIE3_D_D1.2,20.7,26.9,0.0,50.1,,Anopolepis ,,,,50,,,,,,,,
,19/03,D,20:15,21:15,DRIE3,25.5,54.1,0.0,Clear,D2.1,19/03_DRIE3_D_D2.1,22.1,27.1,0.0,55.7,,Anopolepis ,,,,50,,,,,,,,
,19/03,D,20:15,21:15,DRIE3,25.5,54.1,0.0,Clear,D2.2,19/03_DRIE3_D_D2.2,22.1,27.1,0.0,55.7,,Anopolepis ,,,,10,,,,,,,,
,19/03,D,20:15,21:15,DRIE3,25.5,54.1,0.0,Clear,D3.1,19/03_DRIE3_D_D3.1,22.8,26.1,0.0,57.1,,Anopolepis ,,,,50,,,,,,,,
,19/03,D,20:15,21:15,DRIE3,25.5,54.1,0.0,Clear,D3.2,19/03_DRIE3_D_D3.2,22.8,26.1,0.0,57.1,,Anopolepis ,,,,50,,,,,,,,
,19/03,D,20:15,21:15,DRIE3,25.5,54.1,0.0,Clear,D4.1,19/03_DRIE3_D_D4.1,22.1,26.4,0.0,56.8,,Anopolepis ,,,,10,,,,,,,,
,19/03,D,20:15,21:15,DRIE3,25.5,54.1,0.0,Clear,D4.2,19/03_DRIE3_D_D4.2,22.1,26.4,0.0,56.8,,Anopolepis ,,,,10,,,,,,,,
,19/03,D,20:15,21:15,DRIE3,25.5,54.1,0.0,Clear,D5.1,19/03_DRIE3_D_D5.1,20.1,26.7,0.0,57.2,,Anopolepis ,,,,50,,,,,,,,
,19/03,D,20:15,21:15,DRIE3,25.5,54.1,0.0,Clear,D5.2,19/03_DRIE3_D_D5.2,20.1,26.7,0.0,57.2,,Anopolepis ,,,,40,,,,,,,,
,19/03,D,20:15,21:15,DRIE3,25.5,54.1,0.0,Clear,E1.1,19/03_DRIE3_D_E1.1,21.6,27.0,0.0,55.0,,Solenopsis,,,,3,,,,,,,,
,19/03,D,20:15,21:15,DRIE3,25.5,54.1,0.0,Clear,E1.2,19/03_DRIE3_D_E1.2,21.6,27.0,0.0,55.0,,,,,,,,,,,,,,
,19/03,D,20:15,21:15,DRIE3,25.5,54.1,0.0,Clear,E2.1,19/03_DRIE3_D_E2.1,20.5,26.7,0.0,55.8,,Anopolepis,,,,50,,,,,,,,
,19/03,D,20:15,21:15,DRIE3,25.5,54.1,0.0,Clear,E2.2,19/03_DRIE3_D_E2.2,20.5,26.7,0.0,55.8,,Anopolepis,,,,20,,,,,,,,
,19/03,D,20:15,21:15,DRIE3,25.5,54.1,0.0,Clear,E3.1,19/03_DRIE3_D_E3.1,20.3,27.2,0.0,53.9,,Anopolepis,,,,50,,,,,,,,
,19/03,D,20:15,21:15,DRIE3,25.5,54.1,0.0,Clear,E3.2,19/03_DRIE3_D_E3.2,20.3,27.2,0.0,53.9,,Anopolepis,,,,50,,,,,,,,
,19/03,D,20:15,21:15,DRIE3,25.5,54.1,0.0,Clear,E4.1,19/03_DRIE3_D_E4.1,22.7,26.0,0.0,51.8,,Pheidole,,,,100,,,,,,,,
,19/03,D,20:15,21:15,DRIE3,25.5,54.1,0.0,Clear,E4.2,19/03_DRIE3_D_E4.2,22.7,26.0,0.0,51.8,,Anopolepis,,,,4,,,,,,,,
,19/03,D,20:15,21:15,DRIE3,25.5,54.1,0.0,Clear,E5.1,19/03_DRIE3_D_E5.1,21.5,26.3,0.0,53.6,,Anopolepis,,,,50,,,,,,,,
,19/03,D,20:15,21:15,DRIE3,25.5,54.1,0.0,Clear,E5.2,19/03_DRIE3_D_E5.2,21.5,26.3,0.0,53.6,,,,,,,,,,,,,,
,,,,,,,,,,,,,,,,,,,,,,,,,,,,,
,20/03,M ,08:05,09:05,DRIE3,25.5,61.8,2.1,100% Cloud cover,A1.1,20/03_DRIE3_M _A1.1,25.7,26.8,0.4,62.8,,Camponotus,Lepisiota,Tetramorium,Anopolepis,1,1,4,1,,,,,
,20/03,M ,08:05,09:05,DRIE3,25.5,61.8,2.1,100% Cloud cover,A1.2,20/03_DRIE3_M _A1.2,25.7,26.8,0.4,62.8,,Monomorium,Lepisiota,,,1,10,,,,,,,
,20/03,M ,08:05,09:05,DRIE3,25.5,61.8,2.1,100% Cloud cover,A2.1,20/03_DRIE3_M _A2.1,24.9,26.5,0.5,59.8,,Anopolepis,Tetrmorium,,,10,1,,,,,,,
,20/03,M ,08:05,09:05,DRIE3,25.5,61.8,2.1,100% Cloud cover,A2.2,20/03_DRIE3_M _A2.2,24.9,26.5,0.5,59.8,,Lepisiota,Anopolepis,,,5,30,,,,,,,
,20/03,M ,08:05,09:05,DRIE3,25.5,61.8,2.1,100% Cloud cover,A3.1,20/03_DRIE3_M _A3.1,27.2,25.8,0.4,60.2,,Pheidole,,,,50,,,,,,,,
,20/03,M ,08:05,09:05,DRIE3,25.5,61.8,2.1,100% Cloud cover,A3.2,20/03_DRIE3_M _A3.2,27.2,25.8,0.4,60.2,,Lepisiota,,,,10,,,,,,,,
,20/03,M ,08:05,09:05,DRIE3,25.5,61.8,2.1,100% Cloud cover,A4.1,20/03_DRIE3_M _A4.1,25.3,24.2,0.5,59.6,,Solenopsis,,,,1,,,,,,,,
,20/03,M ,08:05,09:05,DRIE3,25.5,61.8,2.1,100% Cloud cover,A4.2,20/03_DRIE3_M _A4.2,25.3,24.2,0.5,59.6,,Lepisiota,,,,5,,,,,,,,
,20/03,M ,08:05,09:05,DRIE3,25.5,61.8,2.1,100% Cloud cover,A5.1,20/03_DRIE3_M _A5.1,27.5,25.2,0.4,60.2,,Anopolepis,,,,10,,,,,,,,
,20/03,M ,08:05,09:05,DRIE3,25.5,61.8,2.1,100% Cloud cover,A5.2,20/03_DRIE3_M _A5.2,27.5,25.2,0.4,60.2,,Anopolepis,,,,5,,,,,,,,
,20/03,M ,08:05,09:05,DRIE3,25.5,61.8,2.1,100% Cloud cover,B1.1,20/03_DRIE3_M _B1.1,25.5,27.6,0.5,60.1,,,,,,,,,,,,,,
,20/03,M ,08:05,09:05,DRIE3,25.5,61.8,2.1,100% Cloud cover,B1.2,20/03_DRIE3_M _B1.2,25.5,27.6,0.5,60.1,,Anopolepis,,,,1,,,,,,,,
,20/03,M ,08:05,09:05,DRIE3,25.5,61.8,2.1,100% Cloud cover,B2.1,20/03_DRIE3_M _B2.1,27.1,28.6,0.5,59.2,,Anopolepis,,,,20,,,,,,,,
,20/03,M ,08:05,09:05,DRIE3,25.5,61.8,2.1,100% Cloud cover,B2.2,20/03_DRIE3_M _B2.2,27.1,28.6,0.5,59.2,,Anopolepis,,,,20,,,,,,,,
,20/03,M ,08:05,09:05,DRIE3,25.5,61.8,2.1,100% Cloud cover,B3.1,20/03_DRIE3_M _B3.1,27.2,28.4,0.4,58.5,,Anopolepis,,,,50,,,,,,,,
,20/03,M ,08:05,09:05,DRIE3,25.5,61.8,2.1,100% Cloud cover,B3.2,20/03_DRIE3_M _B3.2,27.2,28.4,0.4,58.5,,Anopolepis,,,,40,,,,,,,,
,20/03,M ,08:05,09:05,DRIE3,25.5,61.8,2.1,100% Cloud cover,B4.1,20/03_DRIE3_M _B4.1,24.6,27.6,0.4,61.0,,Lepisiota,,,,5,,,,,,,,
,20/03,M ,08:05,09:05,DRIE3,25.5,61.8,2.1,100% Cloud cover,B4.2,20/03_DRIE3_M _B4.2,24.6,27.6,0.4,61.0,,Lepisiota,,,,6,,,,,,,,
,20/03,M ,08:05,09:05,DRIE3,25.5,61.8,2.1,100% Cloud cover,B5.1,20/03_DRIE3_M _B5.1,26.9,28.2,0.8,56.7,,Lepisiota,,,,4,,,,,,,,
,20/03,M ,08:05,09:05,DRIE3,25.5,61.8,2.1,100% Cloud cover,B5.2,20/03_DRIE3_M _B5.2,26.9,28.2,0.8,56.7,,,,,,,,,,,,,,
,20/03,M ,08:05,09:05,DRIE3,25.5,61.8,2.1,100% Cloud cover,C1.1,20/03_DRIE3_M _C1.1,24.8,28.8,0.6,58.0,,Anopolepis,,,,10,,,,,,,,
,20/03,M ,08:05,09:05,DRIE3,25.5,61.8,2.1,100% Cloud cover,C1.2,20/03_DRIE3_M _C1.2,24.8,28.8,0.6,58.0,,Lepisiota,,,,1,,,,,,,,
,20/03,M ,08:05,09:05,DRIE3,25.5,61.8,2.1,100% Cloud cover,C2.1,20/03_DRIE3_M _C2.1,26.3,28.4,0.4,59.2,,Anopolepis,,,,2,,,,,,,,
,20/03,M ,08:05,09:05,DRIE3,25.5,61.8,2.1,100% Cloud cover,C2.2,20/03_DRIE3_M _C2.2,26.3,28.4,0.4,59.2,,Anopolepis,,,,50,,,,,,,,
,20/03,M ,08:05,09:05,DRIE3,25.5,61.8,2.1,100% Cloud cover,C3.1,20/03_DRIE3_M _C3.1,27.9,28.1,0.6,60.1,,Anopolepis,,,,5,,,,,,,,
,20/03,M ,08:05,09:05,DRIE3,25.5,61.8,2.1,100% Cloud cover,C3.2,20/03_DRIE3_M _C3.2,27.9,28.1,0.6,60.1,,Anopolepis,,,,5,,,,,,,,
,20/03,M ,08:05,09:05,DRIE3,25.5,61.8,2.1,100% Cloud cover,C4.1,20/03_DRIE3_M _C4.1,27.4,28.7,0.8,58.3,,Solenopsis,,,,2,,,,,,,,
,20/03,M ,08:05,09:05,DRIE3,25.5,61.8,2.1,100% Cloud cover,C4.2,20/03_DRIE3_M _C4.2,27.4,28.7,0.8,58.3,,Anopolepis,,,,1,,,,,,,,
,20/03,M ,08:05,09:05,DRIE3,25.5,61.8,2.1,100% Cloud cover,C5.1,20/03_DRIE3_M _C5.1,25.9,27.4,0.6,59.2,,Anopolepis,,,,5,,,,,,,,
,20/03,M ,08:05,09:05,DRIE3,25.5,61.8,2.1,100% Cloud cover,C5.2,20/03_DRIE3_M _C5.2,25.9,27.4,0.6,59.2,,Anopolepis,,,,30,,,,,,,,
,20/03,M ,08:05,09:05,DRIE3,25.5,61.8,2.1,100% Cloud cover,D1.1,20/03_DRIE3_M _D1.1,32.2,30.4,0.0,56.7,,Pheidole,,,,100,,,,,,,,
,20/03,M ,08:05,09:05,DRIE3,25.5,61.8,2.1,100% Cloud cover,D1.2,20/03_DRIE3_M _D1.2,32.2,30.4,0.0,56.7,,Lepisiota,Anopolepis,,,3,2,,,,,,,
,20/03,M ,08:05,09:05,DRIE3,25.5,61.8,2.1,100% Cloud cover,D2.1,20/03_DRIE3_M _D2.1,26.5,28.6,0.4,57.8,,,,,,,,,,,,,,
,20/03,M ,08:05,09:05,DRIE3,25.5,61.8,2.1,100% Cloud cover,D2.2,20/03_DRIE3_M _D2.2,26.5,28.6,0.4,57.8,,Anopolepis,,,,10,,,,,,,,
,20/03,M ,08:05,09:05,DRIE3,25.5,61.8,2.1,100% Cloud cover,D3.1,20/03_DRIE3_M _D3.1,29.6,28.4,0.5,58.2,,Anopolepis,Tetramorium,,,5,1,,,,,,,
,20/03,M ,08:05,09:05,DRIE3,25.5,61.8,2.1,100% Cloud cover,D3.2,20/03_DRIE3_M _D3.2,29.6,28.4,0.5,58.2,,Anopolepis,,,,5,,,,,,,,
,20/03,M ,08:05,09:05,DRIE3,25.5,61.8,2.1,100% Cloud cover,D4.1,20/03_DRIE3_M _D4.1,28.4,28.7,0.4,57.6,,Anopolepis,,,,10,,,,,,,,
,20/03,M ,08:05,09:05,DRIE3,25.5,61.8,2.1,100% Cloud cover,D4.2,20/03_DRIE3_M _D4.2,28.4,28.7,0.4,57.6,,Anopolepis,,,,5,,,,,,,,
,20/03,M ,08:05,09:05,DRIE3,25.5,61.8,2.1,100% Cloud cover,D5.1,20/03_DRIE3_M _D5.1,26.5,29.4,0.4,57.4,,,,,,,,,,,,,,
,20/03,M ,08:05,09:05,DRIE3,25.5,61.8,2.1,100% Cloud cover,D5.2,20/03_DRIE3_M _D5.2,26.5,29.4,0.4,57.4,,,,,,,,,,,,,,
,20/03,M ,08:05,09:05,DRIE3,25.5,61.8,2.1,100% Cloud cover,E1.1,20/03_DRIE3_M _E1.1,26.8,29.1,0.7,59.1,,Lepisiota,,,,10,,,,,,,,
,20/03,M ,08:05,09:05,DRIE3,25.5,61.8,2.1,100% Cloud cover,E1.2,20/03_DRIE3_M _E1.2,26.8,29.1,0.7,59.1,,Anopolepis,,,,40,,,,,,,,
,20/03,M ,08:05,09:05,DRIE3,25.5,61.8,2.1,100% Cloud cover,E2.1,20/03_DRIE3_M _E2.1,27.2,30.0,0.6,56.8,,Anopolepis,,,,20,,,,,,,,
,20/03,M ,08:05,09:05,DRIE3,25.5,61.8,2.1,100% Cloud cover,E2.2,20/03_DRIE3_M _E2.2,27.2,30.0,0.6,56.8,,Anopolepis,,,,15,,,,,,,,
,20/03,M ,08:05,09:05,DRIE3,25.5,61.8,2.1,100% Cloud cover,E3.1,20/03_DRIE3_M _E3.1,29.0,31.2,0.4,58.4,,Anopolepis,,,,50,,,,,,,,
,20/03,M ,08:05,09:05,DRIE3,25.5,61.8,2.1,100% Cloud cover,E3.2,20/03_DRIE3_M _E3.2,29.0,31.2,0.4,58.4,,Anopolepis,,,,50,,,,,,,,
,20/03,M ,08:05,09:05,DRIE3,25.5,61.8,2.1,100% Cloud cover,E4.1,20/03_DRIE3_M _E4.1,26.5,29.2,0.6,58.1,,Anopolepis,,,,20,,,,,,,,
,20/03,M ,08:05,09:05,DRIE3,25.5,61.8,2.1,100% Cloud cover,E4.2,20/03_DRIE3_M _E4.2,26.5,29.2,0.6,58.1,,Anopolepis,,,,10,,,,,,,,
,20/03,M ,08:05,09:05,DRIE3,25.5,61.8,2.1,100% Cloud cover,E5.1,20/03_DRIE3_M _E5.1,29.0,30.5,0.5,55.6,,,,,,,,,,,,,,
,20/03,M ,08:05,09:05,DRIE3,25.5,61.8,2.1,100% Cloud cover,E5.2,20/03_DRIE3_M _E5.2,29.0,30.5,0.5,55.6,,Anopolepis ,,,,10,,,,,,,,
,,,,,,,,,,,,,,,,,,,,,,,,,,,,,
,20/03,N,12:00,13:00,DRIE2,23.7,73.9,2.2,Light rain,A1.1,20/03_DRIE2_N_A1.1,25.4,23.9,0.0,86.9,,Anopolepis,,,,20,,,,,,,,
,20/03,N,12:00,13:00,DRIE2,23.7,73.9,2.2,Light rain,A1.2,20/03_DRIE2_N_A1.2,25.4,23.9,0.0,86.9,,Anopolepis,,,,40,,,,,,,,
,20/03,N,12:00,13:00,DRIE2,23.7,73.9,2.2,Light rain,A2.1,20/03_DRIE2_N_A2.1,24.6,24.3,0.0,77.8,,Anopolepis,,,,30,,,,,,,,
,20/03,N,12:00,13:00,DRIE2,23.7,73.9,2.2,Light rain,A2.2,20/03_DRIE2_N_A2.2,24.6,24.3,0.0,77.8,,Anopolepis,,,,20,,,,,,,,
,20/03,N,12:00,13:00,DRIE2,23.7,73.9,2.2,Light rain,A3.1,20/03_DRIE2_N_A3.1,24.1,24.6,0.0,82.2,,Anopolepis,,,,30,,,,,,,,
,20/03,N,12:00,13:00,DRIE2,23.7,73.9,2.2,Light rain,A3.2,20/03_DRIE2_N_A3.2,24.1,24.6,0.0,82.2,,Anopolepis,Camponotus,,,10,1,,,,,,,
,20/03,N,12:00,13:00,DRIE2,23.7,73.9,2.2,Light rain,A4.1,20/03_DRIE2_N_A4.1,23.4,24.3,0.0,79.7,,Anopolepis,,,,10,,,,,,,,
,20/03,N,12:00,13:00,DRIE2,23.7,73.9,2.2,Light rain,A4.2,20/03_DRIE2_N_A4.2,23.4,24.3,0.0,79.7,,Anopolepis,,,,30,,,,,,,,
,20/03,N,12:00,13:00,DRIE2,23.7,73.9,2.2,Light rain,A5.1,20/03_DRIE2_N_A5.1,24.3,24.4,0.0,76.6,,Anopolepis,,,,10,,,,,,,,
,20/03,N,12:00,13:00,DRIE2,23.7,73.9,2.2,Light rain,A5.2,20/03_DRIE2_N_A5.2,24.3,24.4,0.0,76.6,,Anopolepis,,,,40,,,,,,,,
,20/03,N,12:00,13:00,DRIE2,23.7,73.9,2.2,Light rain,B1.1,20/03_DRIE2_N_B1.1,24.4,24.2,0.0,87.9,,Anopolepis,,,,40,,,,,,,,
,20/03,N,12:00,13:00,DRIE2,23.7,73.9,2.2,Light rain,B1.2,20/03_DRIE2_N_B1.2,24.4,24.2,0.0,87.9,,Anopolepis,,,,50,,,,,,,,
,20/03,N,12:00,13:00,DRIE2,23.7,73.9,2.2,Light rain,B2.1,20/03_DRIE2_N_B2.1,24.1,24.3,0.0,85.2,,Anopolepis,,,,40,,,,,,,,
,20/03,N,12:00,13:00,DRIE2,23.7,73.9,2.2,Light rain,B2.2,20/03_DRIE2_N_B2.2,24.1,24.3,0.0,85.2,,Anopolepis,,,,30,,,,,,,,
,20/03,N,12:00,13:00,DRIE2,23.7,73.9,2.2,Light rain,B3.1,20/03_DRIE2_N_B3.1,24.4,24.1,0.0,88.2,,Anopolepis,,,,20,,,,,,,,
,20/03,N,12:00,13:00,DRIE2,23.7,73.9,2.2,Light rain,B3.2,20/03_DRIE2_N_B3.2,24.4,24.1,0.0,88.2,,Anopolepis,,,,20,,,,,,,,
,20/03,N,12:00,13:00,DRIE2,23.7,73.9,2.2,Light rain,B4.1,20/03_DRIE2_N_B4.1,24.3,24.0,0.0,87.1,,Anopolepis,,,,10,,,,,,,,
,20/03,N,12:00,13:00,DRIE2,23.7,73.9,2.2,Light rain,B4.2,20/03_DRIE2_N_B4.2,24.3,24.0,0.0,87.1,,Anopolepis,,,,20,,,,,,,,
,20/03,N,12:00,13:00,DRIE2,23.7,73.9,2.2,Light rain,B5.1,20/03_DRIE2_N_B5.1,25.2,24.2,0.0,79.7,,Anopolepis,,,,50,,,,,,,,
,20/03,N,12:00,13:00,DRIE2,23.7,73.9,2.2,Light rain,B5.2,20/03_DRIE2_N_B5.2,25.2,24.2,0.0,79.7,,Anopolepis,,,,50,,,,,,,,
,20/03,N,12:00,13:00,DRIE2,23.7,73.9,2.2,Light rain,C1.1,20/03_DRIE2_N_C1.1,24.8,24.1,0.0,77.7,,Anopolepis,Camponotus,,,20,1,,,,,,,
,20/03,N,12:00,13:00,DRIE2,23.7,73.9,2.2,Light rain,C1.2,20/03_DRIE2_N_C1.2,24.8,24.1,0.0,77.7,,Anopolepis,,,,40,,,,,,,,
,20/03,N,12:00,13:00,DRIE2,23.7,73.9,2.2,Light rain,C2.1,20/03_DRIE2_N_C2.1,24.2,24.7,0.0,90.2,,Anopolepis,Camponotus,,,20,1,,,,,,,
,20/03,N,12:00,13:00,DRIE2,23.7,73.9,2.2,Light rain,C2.2,20/03_DRIE2_N_C2.2,24.2,24.7,0.0,90.2,,Anopolepis,,,,5,,,,,,,,
,20/03,N,12:00,13:00,DRIE2,23.7,73.9,2.2,Light rain,C3.1,20/03_DRIE2_N_C3.1,25.1,25.0,0.0,81.0,,Anopolepis,,,,10,,,,,,,,
,20/03,N,12:00,13:00,DRIE2,23.7,73.9,2.2,Light rain,C3.2,20/03_DRIE2_N_C3.2,25.1,25.0,0.0,81.0,,Anopolepis,,,,5,,,,,,,,
,20/03,N,12:00,13:00,DRIE2,23.7,73.9,2.2,Light rain,C4.1,20/03_DRIE2_N_C4.1,24.9,25.8,0.0,79.4,,Solenopsis,,,,10,,,,,,,,
,20/03,N,12:00,13:00,DRIE2,23.7,73.9,2.2,Light rain,C4.2,20/03_DRIE2_N_C4.2,24.9,25.8,0.0,79.4,,,,,,,,,,,,,,
,20/03,N,12:00,13:00,DRIE2,23.7,73.9,2.2,Light rain,C5.1,20/03_DRIE2_N_C5.1,24.7,26.4,0.0,75.4,,Anopolepis,,,,10,,,,,,,,
,20/03,N,12:00,13:00,DRIE2,23.7,73.9,2.2,Light rain,C5.2,20/03_DRIE2_N_C5.2,24.7,26.4,0.0,75.4,,Anopolepis,,,,5,,,,,,,,
,20/03,N,12:00,13:00,DRIE2,23.7,73.9,2.2,Light rain,D1.1,20/03_DRIE2_N_D1.1,24.5,26.8,0.0,76.0,,Anopolepis,,,,4,,,,,,,,
,20/03,N,12:00,13:00,DRIE2,23.7,73.9,2.2,Light rain,D1.2,20/03_DRIE2_N_D1.2,24.5,26.8,0.0,76.0,,Anopolepis,,,,10,,,,,,,,
,20/03,N,12:00,13:00,DRIE2,23.7,73.9,2.2,Light rain,D2.1,20/03_DRIE2_N_D2.1,24.7,25.2,0.4,73.3,,Anopolepis,Camponotus,,,40,1,,,,,,,
,20/03,N,12:00,13:00,DRIE2,23.7,73.9,2.2,Light rain,D2.2,20/03_DRIE2_N_D2.2,24.7,25.2,0.4,73.3,,Anopolepis,,,,50,,,,,,,,
,20/03,N,12:00,13:00,DRIE2,23.7,73.9,2.2,Light rain,D3.1,20/03_DRIE2_N_D3.1,24.2,26.1,0.0,77.0,Vial labled as D4.1,Anopolepis,,,,60,,,,,,,,
,20/03,N,12:00,13:00,DRIE2,23.7,73.9,2.2,Light rain,D3.2,20/03_DRIE2_N_D3.2,24.2,26.1,0.0,77.0,Vial labled as D4.2,Anopolepis,,,,60,,,,,,,,
,20/03,N,12:00,13:00,DRIE2,23.7,73.9,2.2,Light rain,D4.1,20/03_DRIE2_N_D4.1,23.5,26.2,0.0,74.5,,,,,,,,,,,,,,
,20/03,N,12:00,13:00,DRIE2,23.7,73.9,2.2,Light rain,D4.2,20/03_DRIE2_N_D4.2,23.5,26.2,0.0,74.5,,,,,,,,,,,,,,
,20/03,N,12:00,13:00,DRIE2,23.7,73.9,2.2,Light rain,D5.1,20/03_DRIE2_N_D5.1,21.8,26.0,0.0,82.9,,Camponotus,Pheidole,,,10,1,,,,,,,
,20/03,N,12:00,13:00,DRIE2,23.7,73.9,2.2,Light rain,D5.2,20/03_DRIE2_N_D5.2,21.8,26.0,0.0,82.9,,Lepisiota,Pheidole,,,1,5,,,,,,,
,20/03,N,12:00,13:00,DRIE2,23.7,73.9,2.2,Light rain,E1.1,20/03_DRIE2_N_E1.1,24.2,25.2,0.4,73.0,,Anopolepis,,,,60,,,,,,,,
,20/03,N,12:00,13:00,DRIE2,23.7,73.9,2.2,Light rain,E1.2,20/03_DRIE2_N_E1.2,24.2,25.2,0.4,73.0,,Anopolepis,,,,50,,,,,,,,
,20/03,N,12:00,13:00,DRIE2,23.7,73.9,2.2,Light rain,E2.1,20/03_DRIE2_N_E2.1,25.4,28.7,0.0,72.1,,Camponotus,,,,1,,,,,,,,
,20/03,N,12:00,13:00,DRIE2,23.7,73.9,2.2,Light rain,E2.2,20/03_DRIE2_N_E2.2,25.4,28.7,0.0,72.1,,Anopolepis,Pheidole,,,1,5,,,,,,,
,20/03,N,12:00,13:00,DRIE2,23.7,73.9,2.2,Light rain,E3.1,20/03_DRIE2_N_E3.1,25.5,26.7,0.0,76.0,,Pheidole,,,,50,,,,,,,,
,20/03,N,12:00,13:00,DRIE2,23.7,73.9,2.2,Light rain,E3.2,20/03_DRIE2_N_E3.2,25.5,26.7,0.0,76.0,,Camponotus,Tetramorium,,,3,1,,,,,,,
,20/03,N,12:00,13:00,DRIE2,23.7,73.9,2.2,Light rain,E4.1,20/03_DRIE2_N_E4.1,25.9,27.3,0.0,71.2,,,,,,,,,,,,,,
,20/03,N,12:00,13:00,DRIE2,23.7,73.9,2.2,Light rain,E4.2,20/03_DRIE2_N_E4.2,25.9,27.3,0.0,71.2,,Tetramorium,Lepisiota,,,1,1,,,,,,,
,20/03,N,12:00,13:00,DRIE2,23.7,73.9,2.2,Light rain,E5.1,20/03_DRIE2_N_E5.1,24.1,26.7,0.0,82.0,,,,,,,,,,,,,,
,20/03,N,12:00,13:00,DRIE2,23.7,73.9,2.2,Light rain,E5.2,20/03_DRIE2_N_E5.2,24.1,26.7,0.0,82.0,,Pheidole,,,,30,,,,,,,,